fromBus;toBus;r;x;b;alpha;c;deletable
1;2;0;0.02348;0;0,15;0;0
1;2;0;0.02345;0;0,11;0;0
1;79;0;0.02073;0;0,11;0;0
6;2;0;0.01533;0;0,09;355;1
6;2;0;0.01603;0;0,13;300;1
4;3;0;0.05409;0;0,13;185;1
5;3;0;0.08701;0;0,08;185;1
4;8;0;0.10355;0;0,07;225;1
8;4;0;0.10192;0;0,14;240;1
5;7;0;0.03086;0;0,14;1310;1
6;7;0;0.03288;0;0,14;920;1
6;7;0;0.06928;0;0,06;375;1
6;7;0;0.07738;0;0,11;350;1
7;6;0;0.0342;0;0,1;855;1
10;6;0;0.06738;0;0,14;275;1
20;6;0;0.08181;0;0,11;220;1
20;6;0;0.08486;0;0,12;220;1
7;8;0;0.03422;0;0,11;300;1
8;7;0;0.10063;0;0,12;185;1
9;8;0;0.0695;0;0,11;300;1
9;8;0;0.07077;0;0,15;300;1
8;127;0;0.0596;0;0,11;185;1
8;133;0;0.04468;0;0,11;185;1
11;9;0;0.05734;0;0,11;270;1
13;9;0;0.06538;0;0,11;295;1
12;10;0;0.04151;0;0,13;185;1
13;11;0;0.03911;0;0,05;185;1
12;15;0;0.04595;0;0,12;275;1
15;13;0;0.10509;0;0,12;185;1
15;13;0;0.10067;0;0,06;185;1
15;14;0;0.0239;0;0,13;1100;1
15;16;0;0.05326;0;0,13;185;1
15;17;0;0.07751;0;0,08;185;1
17;16;0;0.05277;0;0,12;185;1
20;17;0;0.05854;0;0,1;320;1
20;17;0;0.04853;0;0,1;345;1
19;18;0;0.02887;0;0,1;500;1
18;165;0;0.00575;0;0,12;185;1
20;19;0;0.03769;0;0,08;890;1
20;21;0;0.06336;0;0,15;185;1
20;21;0;0.03603;0;0,06;185;1
21;20;0;0.02275;0;0,1;230;1
22;20;0;0.1024;0;0,12;185;1
20;23;0;0.0365;0;0,13;1225;1
22;21;0;0.04487;0;0,12;245;1
23;21;0;0.02735;0;0,07;1410;1
24;23;0;0.05243;0;0,06;245;1
24;23;0;0.04553;0;0,13;290;1
24;190;0;0.08605;0;0,12;400;1
27;25;0;0.02092;0;0,1;330;1
27;25;0;0.01888;0;0,13;300;1
26;28;0;0.01544;0;0,1;935;1
31;26;0;0.04173;0;0,12;220;1
29;27;0;0.02338;0;0,14;825;1
69;27;0;0.0358;0;0,07;1090;1
28;31;0;0.03084;0;0,09;675;1
29;34;0;0.05167;0;0,09;550;1
29;36;0;0.09907;0;0,07;525;1
29;40;0;0.05288;0;0,08;1110;1
29;46;0;0.05976;0;0,06;235;1
29;61;0;0.11974;0;0,1;300;1
29;79;0;0.12431;0;0,09;250;1
31;30;0;0.02725;0;0,12;845;1
35;30;0;0.18509;0;0,08;185;1
35;30;0;0.18427;0;0,06;185;1
31;32;0;0.01114;0;0,13;185;1
33;31;0;0.01922;0;0,08;210;1
31;47;0;0.13426;0;0,13;305;1
31;51;0;0.02187;0;0,14;655;1
32;51;0;0.03249;0;0,1;475;1
38;35;0;0.03555;0;0,06;185;1
42;35;0;0.02622;0;0,1;250;1
43;37;0;0.01839;0;0,09;355;1
37;45;0;0.03107;0;0,13;185;1
37;45;0;0.03587;0;0,09;185;1
37;49;0;0.02353;0;0,1;185;1
42;38;0;0.02651;0;0,11;305;1
38;64;0;0.10463;0;0,05;185;1
43;39;0;0.02113;0;0,13;500;1
49;39;0;0.03257;0;0,15;460;1
49;39;0;0.0209;0;0,1;700;1
39;495;0;0.08118;0;0,06;210;1
39;515;0;0.08438;0;0,12;185;1
44;40;0;0.04046;0;0,13;550;1
45;41;0;0.02078;0;0,08;410;1
41;48;0;0.04416;0;0,11;185;1
54;42;0;0.03793;0;0,07;260;1
57;42;0;0.04225;0;0,13;300;1
45;60;0;0.07579;0;0,1;185;1
45;64;0;0.01624;0;0,11;475;1
70;45;0;0.0555;0;0,13;185;1
45;88;0;0.1284;0;0,06;185;1
55;46;0;0.06678;0;0,13;320;1
47;63;0;0.05378;0;0,11;185;1
48;49;0;0.03258;0;0,1;325;1
48;59;0;0.03903;0;0,12;185;1
58;49;0;0.04732;0;0,05;310;1
59;49;0;0.01855;0;0,06;475;1
64;49;0;0.04336;0;0,11;185;1
49;65;0;0.11351;0;0,13;185;1
49;65;0;0.1083;0;0,13;185;1
63;50;0;0.06031;0;0,12;1015;1
51;54;0;0.03914;0;0,11;185;1
63;51;0;0.04515;0;0,13;525;1
105;51;0;0.02751;0;0,09;1350;1
56;52;0;0.02997;0;0,06;270;1
69;53;0;0.01599;0;0,13;1190;1
54;70;0;0.02292;0;0,11;920;1
55;74;0;0.04521;0;0,12;300;1
57;56;0;0.09463;0;0,1;185;1
56;88;0;0.07783;0;0,11;185;1
59;58;0;0.03497;0;0,06;185;1
59;95;0;0.09639;0;0,13;185;1
88;60;0;0.08339;0;0,15;185;1
61;63;0;0.12575;0;0,05;220;1
79;61;0;0.06433;0;0,1;245;1
61;80;0;0.06031;0;0,08;205;1
67;62;0;0.02955;0;0,05;350;1
63;69;0;0.00605;0;0,1;500;1
63;73;0;0.0435;0;0,14;185;1
76;63;0;0.02757;0;0,12;245;1
80;63;0;0.02861;0;0,14;475;1
63;105;0;0.23205;0;0,13;185;1
64;67;0;0.03905;0;0,14;325;1
70;64;0;0.0479;0;0,13;185;1
64;95;0;0.07112;0;0,09;265;1
97;64;0;0.07379;0;0,1;525;1
65;77;0;0.05136;0;0,08;325;1
82;65;0;0.04502;0;0,1;185;1
66;86;0;0.01924;0;0,08;300;1
67;85;0;0.07118;0;0,05;220;1
88;67;0;0.11507;0;0,1;185;1
68;69;0;0.04837;0;0,14;185;1
69;73;0;0.0397;0;0,08;185;1
69;105;0;0.20714;0;0,11;185;1
69;105;0;0.06601;0;0,14;205;1
105;69;0;0.03247;0;0,1;300;1
73;70;0;0.05862;0;0,14;185;1
73;70;0;0.05993;0;0,1;185;1
70;95;0;0.02719;0;0,07;475;1
79;71;0;0.0549;0;0,12;325;1
80;71;0;0.05105;0;0,11;185;1
80;71;0;0.05089;0;0,09;185;1
72;83;0;0.02887;0;0,12;675;1
74;79;0;0.06329;0;0,13;275;1
74;79;0;0.02933;0;0,09;575;1
77;75;0;0.12732;0;0,1;575;1
75;84;0;0.07673;0;0,1;205;1
75;107;0;0.07719;0;0,1;390;1
75;531;0;0.04977;0;0,13;185;1
80;76;0;0.01579;0;0,12;500;1
78;115;0;0.04348;0;0,1;185;1
79;80;0;0.01766;0;0,13;1385;1
80;87;0;0.05234;0;0,15;185;1
80;91;0;0.04809;0;0,1;185;1
80;98;0;0.14331;0;0,06;185;1
84;81;0;0.04475;0;0,12;185;1
97;82;0;0.06533;0;0,12;375;1
83;93;0;0.05018;0;0,12;475;1
83;96;0;0.10203;0;0,09;340;1
93;84;0;0.10716;0;0,1;185;1
85;89;0;0.04601;0;0,12;275;1
90;86;0;0.0734;0;0,14;325;1
93;86;0;0.03013;0;0,1;240;1
87;92;0;0.04796;0;0,08;185;1
88;99;0;0.11827;0;0,05;185;1
99;88;0;0.12187;0;0,15;185;1
89;94;0;0.03254;0;0,07;350;1
90;103;0;0.06485;0;0,1;255;1
92;105;0;0.21646;0;0,14;185;1
93;118;0;0.13996;0;0,11;185;1
122;93;0;0.08512;0;0,12;185;1
94;97;0;0.02965;0;0,14;475;1
95;105;0;0.01991;0;0,12;185;1
127;95;0;0.09607;0;0,1;185;1
127;95;0;0.09022;0;0,11;185;1
95;146;0;0.08139;0;0,13;625;1
106;96;0;0.06157;0;0,07;185;1
97;104;0;0.03486;0;0,1;1340;1
107;97;0;0.03857;0;0,14;885;1
116;98;0;0.16496;0;0,05;185;1
99;105;0;0.0583;0;0,11;185;1
105;99;0;0.06619;0;0,11;185;1
101;100;0;0.08493;0;0,1;725;1
101;111;0;0.05131;0;0,14;185;1
122;101;0;0.0295;0;0,06;575;1
101;532;0;0.0424;0;0,13;600;1
102;110;0;0.05339;0;0,14;220;1
103;128;0;0.03647;0;0,14;185;1
104;108;0;0.04456;0;0,11;425;1
104;110;0;0.03123;0;0,15;325;1
104;120;0;0.04252;0;0,15;290;1
144;104;0;0.02618;0;0,14;985;1
105;109;0;0.04398;0;0,13;275;1
114;105;0;0.0701;0;0,13;185;1
105;116;0;0.01375;0;0,07;605;1
123;105;0;0.10867;0;0,1;475;1
105;140;0;0.04299;0;0,09;700;1
105;146;0;0.08242;0;0,11;595;1
106;115;0;0.0319;0;0,11;270;1
107;119;0;0.03008;0;0,1;305;1
107;119;0;0.02432;0;0,12;350;1
107;131;0;0.04107;0;0,11;500;1
136;107;0;0.03916;0;0,05;820;1
108;119;0;0.07594;0;0,06;605;1
116;109;0;0.03121;0;0,15;185;1
142;109;0;0.12049;0;0,1;280;1
111;115;0;0.05426;0;0,14;325;1
113;112;0;0.07926;0;0,07;185;1
113;112;0;0.08552;0;0,09;185;1
114;113;0;0.02787;0;0,13;300;1
114;127;0;0.07524;0;0,13;185;1
114;127;0;0.03801;0;0,13;185;1
114;135;0;0.07034;0;0,11;185;1
118;115;0;0.01711;0;0,13;185;1
122;115;0;0.05224;0;0,08;185;1
132;115;0;0.0537;0;0,07;405;1
138;115;0;0.03535;0;0,11;325;1
116;125;0;0.0145;0;0,14;205;1
127;116;0;0.06064;0;0,13;275;1
116;147;0;0.06756;0;0,1;600;1
117;124;0;0.08545;0;0,13;285;1
128;117;0;0.06601;0;0,13;480;1
118;122;0;0.07012;0;0,13;185;1
118;129;0;0.00514;0;0,12;185;1
141;118;0;0.02375;0;0,09;340;1
119;121;0;0.02835;0;0,11;290;1
121;131;0;0.05178;0;0,12;430;1
122;126;0;0.02666;0;0,12;475;1
128;122;0;0.06966;0;0,14;220;1
129;122;0;0.01128;0;0,1;310;1
122;130;0;0.01936;0;0,1;525;1
132;122;0;0.06811;0;0,15;350;1
131;123;0;0.09032;0;0,1;625;1
124;137;0;0.04968;0;0,15;185;1
133;127;0;0.03974;0;0,15;185;1
133;127;0;0.00557;0;0,14;185;1
127;135;0;0.11191;0;0,1;185;1
128;131;0;0.10932;0;0,13;200;1
131;128;0;0.03017;0;0,15;540;1
128;138;0;0.02568;0;0,12;185;1
134;129;0;0.021;0;0,08;185;1
138;129;0;0.02527;0;0,1;450;1
130;137;0;0.10249;0;0,1;305;1
139;131;0;0.21881;0;0,12;185;1
131;143;0;0.08289;0;0,07;1045;1
139;132;0;0.04847;0;0,1;300;1
133;164;0;0.03534;0;0,13;300;1
141;134;0;0.02836;0;0,05;305;1
136;138;0;0.01808;0;0,13;300;1
136;159;0;0.0481;0;0,15;1770;1
138;141;0;0.04989;0;0,13;185;1
141;138;0;0.00659;0;0,1;540;1
147;140;0;0.03363;0;0,14;595;1
150;141;0;0.03501;0;0,06;1480;1
149;142;0;0.09905;0;0,15;185;1
154;144;0;0.0219;0;0,13;1550;1
168;144;0;0.02627;0;0,13;675;1
145;146;0;0.01077;0;0,11;725;1
145;147;0;0.01845;0;0,11;300;1
146;148;0;0.03965;0;0,07;185;1
148;146;0;0.03769;0;0,15;185;1
149;146;0;0.04145;0;0,1;185;1
149;146;0;0.03723;0;0,15;185;1
151;146;0;0.017;0;0,1;185;1
146;154;0;0.04576;0;0,14;185;1
146;154;0;0.00883;0;0,13;565;1
147;149;0;0.02037;0;0,11;200;1
149;151;0;0.01796;0;0,13;185;1
149;154;0;0.01204;0;0,14;300;1
149;155;0;0.17768;0;0,09;185;1
164;149;0;0.05181;0;0,05;820;1
150;159;0;0.03026;0;0,09;845;1
151;154;0;0.00701;0;0,15;830;1
151;158;0;0.11528;0;0,15;185;1
160;151;0;0.03235;0;0,12;1055;1
162;151;0;0.23442;0;0,1;950;1
166;151;0;0.32483;0;0,06;190;1
154;152;0;0.03349;0;0,1;780;1
166;153;0;0.08044;0;0,1;265;1
154;156;0;0.04328;0;0,05;900;1
157;154;0;0.05558;0;0,05;310;1
164;154;0;0.06071;0;0,1;685;1
168;154;0;0.06981;0;0,06;230;1
172;154;0;0.13266;0;0,12;350;1
155;166;0;0.13015;0;0,12;320;1
160;156;0;0.04445;0;0,13;185;1
163;157;0;0.02528;0;0,14;725;1
157;174;0;0.02157;0;0,13;185;1
158;168;0;0.11281;0;0,11;235;1
159;170;0;0.07019;0;0,13;645;1
159;172;0;0.02909;0;0,12;1555;1
159;172;0;0.0303;0;0,06;1415;1
160;167;0;0.02117;0;0,15;710;1
171;160;0;0.06985;0;0,12;400;1
166;161;0;0.04552;0;0,14;185;1
169;161;0;0.07987;0;0,1;275;1
163;165;0;0.02603;0;0,12;500;1
169;163;0;0.0625;0;0,11;185;1
188;164;0;0.07042;0;0,14;185;1
164;193;0;0.10527;0;0,09;915;1
178;166;0;0.13029;0;0,14;185;1
173;167;0;0.03568;0;0,11;475;1
175;168;0;0.06836;0;0,15;300;1
168;180;0;0.02762;0;0,13;425;1
172;170;0;0.04223;0;0,14;185;1
171;179;0;0.0866;0;0,06;250;1
172;175;0;0.04166;0;0,06;325;1
172;175;0;0.01328;0;0,13;1115;1
172;175;0;0.06;0;0,1;280;1
176;172;0;0.01541;0;0,1;325;1
181;173;0;0.03684;0;0,11;300;1
193;174;0;0.07017;0;0,11;990;1
174;199;0;0.04227;0;0,08;600;1
176;175;0;0.01261;0;0,06;650;1
175;177;0;0.03048;0;0,12;655;1
183;175;0;0.02729;0;0,13;535;1
175;189;0;0.13195;0;0,13;245;1
183;176;0;0.02686;0;0,1;885;1
190;178;0;0.1345;0;0,09;185;1
199;178;0;0.19119;0;0,07;185;1
182;179;0;0.09069;0;0,11;185;1
180;185;0;0.01563;0;0,11;305;1
181;182;0;0.03099;0;0,13;220;1
181;184;0;0.02944;0;0,06;185;1
183;186;0;0.0151;0;0,06;600;1
183;189;0;0.0198;0;0,07;525;1
201;183;0;0.05611;0;0,11;425;1
187;184;0;0.02453;0;0,11;185;1
194;184;0;0.08127;0;0,09;185;1
185;192;0;0.01462;0;0,13;185;1
191;187;0;0.02009;0;0,06;185;1
188;190;0;0.0175;0;0,09;255;1
188;199;0;0.0398;0;0,07;185;1
189;197;0;0.09314;0;0,14;185;1
191;193;0;0.02691;0;0,14;905;1
195;191;0;0.03323;0;0,13;185;1
207;192;0;0.07307;0;0,12;335;1
194;193;0;0.02788;0;0,09;1090;1
193;208;0;0.05739;0;0,1;270;1
204;194;0;0.12498;0;0,09;525;1
199;195;0;0.20385;0;0,1;575;1
196;201;0;0.068;0;0,12;400;1
197;198;0;0.02869;0;0,1;525;1
198;201;0;0.03227;0;0,13;985;1
202;199;0;0.13697;0;0,14;350;1
202;199;0;0.14168;0;0,07;325;1
199;203;0;0.04259;0;0,12;425;1
199;203;0;0.0188;0;0,14;1020;1
199;203;0;0.02107;0;0,1;875;1
200;201;0;0.01162;0;0,07;650;1
207;200;0;0.0553;0;0,13;300;1
203;212;0;0.05509;0;0,14;475;1
203;214;0;0.10994;0;0,13;400;1
203;215;0;0.02369;0;0,1;625;1
205;204;0;0.03279;0;0,12;2175;1
204;206;0;0.0417;0;0,08;1975;1
205;207;0;0.09817;0;0,07;1030;1
208;205;0;0.0527;0;0,15;820;1
208;205;0;0.03829;0;0,1;1105;1
206;211;0;0.05144;0;0,08;1375;1
208;210;0;0.01596;0;0,15;825;1
215;208;0;0.02518;0;0,06;1850;1
215;208;0;0.06914;0;0,12;710;1
211;209;0;0.10143;0;0,13;700;1
213;210;0;0.06172;0;0,11;185;1
212;215;0;0.05251;0;0,11;270;1
215;213;0;0.11106;0;0,07;575;1
214;215;0;0.10238;0;0,07;330;1
215;216;0;0.01487;0;0,09;1235;1
216;1251;0;0.00001;0;0,05;525;1
218;217;0;0.01792;0;0,12;700;1
218;219;0;0.01746;0;0,07;1895;1
218;221;0;0.0579;0;0,07;1190;1
218;222;0;0.01918;0;0,09;1320;1
227;218;0;0.02058;0;0,11;2325;1
223;219;0;0.02754;0;0,14;1100;1
232;219;0;0.02157;0;0,08;1690;1
1250;219;0;0.05001;0;0,06;1810;1
221;220;0;0.03221;0;0,1;1020;1
221;222;0;0.06009;0;0,12;775;1
222;224;0;0.00722;0;0,12;325;1
224;222;0;0.00631;0;0,07;400;1
224;222;0;0.0225;0;0,05;185;1
222;225;0;0.01149;0;0,13;1525;1
225;222;0;0.03581;0;0,06;450;1
232;222;0;0.11512;0;0,13;375;1
222;545;0;0.01865;0;0,06;1095;1
223;232;0;0.08706;0;0,05;185;1
224;226;0;0.07436;0;0,08;185;1
224;226;0;0.06086;0;0,12;185;1
224;233;0;0.02635;0;0,06;880;1
233;224;0;0.04754;0;0,15;525;1
224;237;0;0.07948;0;0,07;465;1
225;227;0;0.00967;0;0,1;700;1
225;239;0;0.08408;0;0,12;280;1
226;230;0;0.01759;0;0,12;500;1
227;232;0;0.01778;0;0,11;1210;1
239;227;0;0.01227;0;0,15;1060;1
233;228;0;0.0194;0;0,14;2625;1
552;228;0;0.01751;0;0,08;350;1
555;228;0;0.02699;0;0,05;185;1
229;232;0;0.07604;0;0,15;315;1
237;230;0;0.07414;0;0,11;280;1
231;232;0;0.01781;0;0,1;625;1
238;231;0;0.00737;0;0,1;2000;1
232;236;0;0.05279;0;0,12;310;1
232;264;0;0.01621;0;0,13;1675;1
264;232;0;0.01644;0;0,1;1680;1
233;241;0;0.02797;0;0,11;890;1
233;243;0;0.01323;0;0,08;2025;1
240;234;0;0.05724;0;0,08;235;1
235;238;0;0.00671;0;0,12;2695;1
238;235;0;0.00669;0;0,11;2575;1
239;237;0;0.02446;0;0,13;260;1
239;237;0;0.0489;0;0,14;185;1
237;259;0;0.08766;0;0,08;185;1
242;238;0;0.09397;0;0,13;425;1
238;258;0;0.00929;0;0,06;3425;1
238;260;0;0.01834;0;0,15;1040;1
238;261;0;0.05575;0;0,13;1010;1
238;264;0;0.02362;0;0,13;945;1
247;239;0;0.05866;0;0,12;430;1
239;249;0;0.04458;0;0,07;550;1
239;251;0;0.00834;0;0,1;305;1
240;241;0;0.08608;0;0,11;475;1
241;254;0;0.04911;0;0,12;235;1
241;255;0;0.01197;0;0,12;1285;1
554;241;0;0.05988;0;0,07;260;1
242;246;0;0.01755;0;0,14;185;1
243;262;0;0.01355;0;0,06;1900;1
244;255;0;0.00501;0;0,15;3430;1
255;244;0;0.00665;0;0,15;2475;1
246;245;0;0.03607;0;0,07;185;1
245;258;0;0.03356;0;0,13;275;1
246;258;0;0.04079;0;0,08;250;1
247;264;0;0.04246;0;0,07;240;1
248;258;0;0.01193;0;0,12;1565;1
249;256;0;0.03178;0;0,06;345;1
250;266;0;0.00951;0;0,11;375;1
305;250;0;0.02157;0;0,1;2075;1
252;259;0;0.06674;0;0,06;285;1
258;253;0;0.04913;0;0,15;550;1
253;268;0;0.0461;0;0,11;275;1
254;255;0;0.01435;0;0,12;400;1
254;255;0;0.01769;0;0,11;325;1
254;278;0;0.05267;0;0,13;285;1
255;257;0;0.04845;0;0,12;275;1
255;257;0;0.01553;0;0,13;920;1
255;278;0;0.00994;0;0,08;2000;1
255;278;0;0.00859;0;0,05;2250;1
255;947;0;0.01223;0;0,12;480;1
256;264;0;0.02262;0;0,05;185;1
256;272;0;0.08825;0;0,12;185;1
256;289;0;0.01232;0;0,12;185;1
257;263;0;0.02526;0;0,11;675;1
257;287;0;0.03858;0;0,1;1005;1
948;257;0;0.04365;0;0,12;200;1
258;265;0;0.03124;0;0,05;710;1
258;269;0;0.01962;0;0,06;1460;1
258;277;0;0.00802;0;0,08;1600;1
262;259;0;0.01556;0;0,15;860;1
267;259;0;0.0142;0;0,08;400;1
259;270;0;0.06358;0;0,07;185;1
264;260;0;0.00604;0;0,06;675;1
261;276;0;0.0366;0;0,11;675;1
302;262;0;0.03207;0;0,08;890;1
263;281;0;0.05696;0;0,07;435;1
264;272;0;0.00572;0;0,14;1585;1
272;264;0;0.00644;0;0,14;1340;1
264;274;0;0.01093;0;0,06;1950;1
269;265;0;0.02825;0;0,11;240;1
269;266;0;0.01735;0;0,15;450;1
271;267;0;0.04119;0;0,15;315;1
268;282;0;0.06379;0;0,15;185;1
269;295;0;0.05715;0;0,12;675;1
284;270;0;0.03847;0;0,14;185;1
272;274;0;0.0197;0;0,12;685;1
272;274;0;0.02421;0;0,14;555;1
272;279;0;0.02892;0;0,11;375;1
272;289;0;0.02149;0;0,14;290;1
273;286;0;0.04162;0;0,15;225;1
286;273;0;0.02104;0;0,1;325;1
274;282;0;0.00779;0;0,1;2880;1
282;274;0;0.01908;0;0,12;1235;1
275;282;0;0.0227;0;0,14;1410;1
275;291;0;0.0227;0;0,05;1670;1
276;294;0;0.04237;0;0,05;400;1
277;282;0;0.0145;0;0,1;1360;1
278;283;0;0.04192;0;0,11;1580;1
283;278;0;0.14096;0;0,13;450;1
278;286;0;0.0646;0;0,11;635;1
278;298;0;0.01143;0;0,14;3590;1
278;308;0;0.08067;0;0,14;600;1
279;302;0;0.0304;0;0,15;1165;1
280;282;0;0.01701;0;0,14;1520;1
281;286;0;0.05241;0;0,12;185;1
282;293;0;0.01654;0;0,13;1505;1
294;282;0;0.12774;0;0,07;280;1
296;282;0;0.01244;0;0,11;650;1
284;283;0;0.05783;0;0,12;325;1
283;290;0;0.05026;0;0,09;475;1
302;283;0;0.04327;0;0,05;825;1
289;285;0;0.05367;0;0,05;600;1
285;304;0;0.06839;0;0,11;830;1
286;315;0;0.03115;0;0,14;350;1
286;315;0;0.06921;0;0,12;205;1
286;327;0;0.03171;0;0,1;930;1
287;308;0;0.04671;0;0,07;370;1
311;287;0;0.24166;0;0,1;325;1
288;309;0;0.07722;0;0,14;475;1
310;288;0;0.11752;0;0,15;290;1
296;289;0;0.02591;0;0,05;1190;1
289;304;0;0.01721;0;0,05;1145;1
289;313;0;0.01054;0;0,11;895;1
290;311;0;0.06392;0;0,11;355;1
291;297;0;0.01586;0;0,07;305;1
296;292;0;0.01537;0;0,12;1555;1
295;294;0;0.13086;0;0,11;185;1
294;321;0;0.06199;0;0,13;325;1
305;295;0;0.0833;0;0,11;185;1
295;332;0;0.08714;0;0,11;325;1
296;313;0;0.01581;0;0,13;1485;1
296;329;0;0.01243;0;0,14;955;1
296;333;0;0.03842;0;0,06;185;1
333;296;0;0.0134;0;0,15;185;1
302;298;0;0.04102;0;0,05;1505;1
308;298;0;0.00515;0;0,12;1710;1
299;310;0;0.02803;0;0,08;295;1
303;300;0;0.03764;0;0,12;645;1
300;305;0;0.09897;0;0,14;185;1
300;328;0;0.10727;0;0,11;215;1
301;312;0;0.03686;0;0,13;185;1
316;301;0;0.06893;0;0,12;315;1
302;304;0;0.0057;0;0,12;675;1
302;311;0;0.01269;0;0,09;500;1
302;313;0;0.01839;0;0,12;1530;1
302;364;0;0.03109;0;0,06;760;1
309;303;0;0.05204;0;0,09;300;1
328;305;0;0.01236;0;0,09;1510;1
306;307;0;0.02237;0;0,14;325;1
306;307;0;0.061;0;0,07;185;1
307;310;0;0.03229;0;0,13;330;1
307;330;0;0.06263;0;0,13;195;1
307;330;0;0.05921;0;0,05;190;1
369;307;0;0.05158;0;0,14;1230;1
308;316;0;0.01973;0;0,14;885;1
319;308;0;0.04204;0;0,12;275;1
308;322;0;0.02055;0;0,11;1140;1
309;328;0;0.04912;0;0,12;460;1
311;317;0;0.03472;0;0,08;345;1
311;325;0;0.09183;0;0,13;325;1
364;311;0;0.04797;0;0,15;400;1
312;322;0;0.03387;0;0,1;300;1
313;320;0;0.03225;0;0,07;1100;1
326;313;0;0.06266;0;0,11;210;1
340;313;0;0.03624;0;0,1;315;1
313;348;0;0.0154;0;0,1;295;1
348;313;0;0.0363;0;0,14;185;1
333;314;0;0.03209;0;0,1;325;1
315;327;0;0.02966;0;0,07;1355;1
316;323;0;0.01794;0;0,12;275;1
317;339;0;0.0948;0;0,14;185;1
318;321;0;0.03594;0;0,06;275;1
335;320;0;0.03315;0;0,13;325;1
321;343;0;0.06137;0;0,14;205;1
327;322;0;0.00607;0;0,15;185;1
333;324;0;0.02746;0;0,1;325;1
325;334;0;0.05909;0;0,13;185;1
340;326;0;0.05007;0;0,07;185;1
327;344;0;0.00642;0;0,1;2015;1
327;344;0;0.01598;0;0,07;700;1
327;984;0;0.00416;0;0,07;1060;1
328;343;0;0.0358;0;0,1;685;1
328;351;0;0.00898;0;0,13;1010;1
369;328;0;0.1114;0;0,15;200;1
333;329;0;0.00965;0;0,14;1200;1
329;348;0;0.00843;0;0,15;980;1
329;357;0;0.01701;0;0,12;1445;1
341;330;0;0.03805;0;0,13;185;1
330;345;0;0.08952;0;0,11;185;1
331;343;0;0.01978;0;0,11;295;1
332;361;0;0.0858;0;0,13;215;1
333;347;0;0.01543;0;0,11;245;1
333;352;0;0.01261;0;0,1;225;1
334;346;0;0.099;0;0,08;185;1
335;348;0;0.03759;0;0,06;550;1
336;344;0;0.04156;0;0,1;310;1
344;336;0;0.01937;0;0,1;550;1
343;337;0;0.05243;0;0,11;315;1
345;338;0;0.1245;0;0,11;185;1
338;362;0;0.10445;0;0,12;425;1
339;364;0;0.09294;0;0,14;185;1
342;340;0;0.01585;0;0,13;300;1
349;340;0;0.04932;0;0,08;185;1
340;364;0;0.04288;0;0,06;290;1
345;341;0;0.06672;0;0,14;195;1
358;342;0;0.05017;0;0,12;190;1
359;343;0;0.01109;0;0,14;1190;1
343;370;0;0.046;0;0,13;475;1
344;350;0;0.07446;0;0,08;320;1
350;344;0;0.08247;0;0,11;310;1
344;356;0;0.02112;0;0,11;950;1
344;559;0;0.01203;0;0,11;285;1
344;561;0;0.01598;0;0,05;185;1
566;344;0;0.01377;0;0,14;680;1
345;353;0;0.0744;0;0,1;225;1
345;362;0;0.15076;0;0,06;325;1
346;350;0;0.07146;0;0,11;325;1
347;352;0;0.00557;0;0,12;185;1
347;386;0;0.14582;0;0,07;185;1
347;396;0;0.1865;0;0,11;185;1
348;378;0;0.03535;0;0,08;330;1
378;348;0;0.03817;0;0,15;275;1
348;379;0;0.14433;0;0,14;185;1
364;349;0;0.08099;0;0,08;190;1
350;356;0;0.01905;0;0,13;185;1
350;356;0;0.02844;0;0,05;185;1
351;369;0;0.01225;0;0,12;590;1
352;354;0;0.00691;0;0,14;2225;1
352;396;0;0.05305;0;0,08;185;1
353;362;0;0.06923;0;0,13;560;1
354;355;0;0.00671;0;0,1;1625;1
359;355;0;0.00941;0;0,13;1315;1
356;363;0;0.03342;0;0,06;415;1
376;356;0;0.11627;0;0,15;280;1
356;407;0;0.06628;0;0,14;400;1
356;566;0;0.03526;0;0,13;300;1
357;379;0;0.01554;0;0,05;1225;1
358;367;0;0.0352;0;0,14;185;1
359;366;0;0.00521;0;0,12;400;1
372;359;0;0.01842;0;0,07;275;1
364;360;0;0.04482;0;0,11;220;1
361;372;0;0.02882;0;0,1;585;1
362;369;0;0.01599;0;0,13;895;1
362;369;0;0.01549;0;0,12;920;1
363;381;0;0.06282;0;0,11;255;1
364;365;0;0.03992;0;0,15;305;1
371;364;0;0.11682;0;0,11;185;1
364;380;0;0.01053;0;0,05;185;1
389;364;0;0.03231;0;0,08;185;1
364;407;0;0.07201;0;0,09;185;1
407;364;0;0.03555;0;0,11;185;1
371;365;0;0.06067;0;0,09;185;1
370;366;0;0.01157;0;0,15;690;1
367;379;0;0.06521;0;0,09;250;1
369;368;0;0.02157;0;0,11;400;1
372;369;0;0.03562;0;0,09;1350;1
369;373;0;0.03627;0;0,11;500;1
369;373;0;0.01653;0;0,13;1165;1
370;372;0;0.00738;0;0,08;2035;1
371;382;0;0.07658;0;0,14;185;1
371;384;0;0.05946;0;0,08;185;1
372;377;0;0.0927;0;0,1;330;1
377;372;0;0.10344;0;0,15;320;1
372;383;0;0.1042;0;0,14;185;1
383;372;0;0.10382;0;0,06;185;1
388;372;0;0.00965;0;0,15;375;1
373;375;0;0.05551;0;0,11;195;1
373;377;0;0.09683;0;0,13;185;1
373;385;0;0.06108;0;0,12;500;1
374;378;0;0.08272;0;0,14;320;1
377;375;0;0.04377;0;0,1;325;1
377;403;0;0.11978;0;0,12;255;1
378;396;0;0.11673;0;0,1;185;1
396;378;0;0.03704;0;0,1;275;1
405;378;0;0.02351;0;0,11;275;1
445;378;0;0.07714;0;0,12;630;1
405;379;0;0.015;0;0,11;915;1
380;387;0;0.00652;0;0,13;300;1
381;407;0;0.0943;0;0,13;185;1
389;382;0;0.02058;0;0,08;275;1
383;393;0;0.04043;0;0,08;255;1
383;396;0;0.13395;0;0,08;285;1
384;394;0;0.03696;0;0,08;235;1
385;391;0;0.033;0;0,12;185;1
386;396;0;0.05746;0;0,12;250;1
387;389;0;0.03768;0;0,09;240;1
390;387;0;0.04496;0;0,14;220;1
387;400;0;0.01038;0;0,12;375;1
388;408;0;0.01653;0;0,06;600;1
390;389;0;0.07635;0;0,1;185;1
389;427;0;0.12583;0;0,12;185;1
409;391;0;0.09642;0;0,1;430;1
405;392;0;0.02732;0;0,11;260;1
393;398;0;0.02384;0;0,08;475;1
402;394;0;0.03976;0;0,12;185;1
394;407;0;0.04641;0;0,06;185;1
395;404;0;0.01726;0;0,05;325;1
398;396;0;0.01871;0;0,11;600;1
399;396;0;0.10348;0;0,13;185;1
396;413;0;0.04738;0;0,14;185;1
396;415;0;0.06231;0;0,11;185;1
396;420;0;0.09595;0;0,14;215;1
421;396;0;0.03708;0;0,07;185;1
438;396;0;0.1503;0;0,14;280;1
396;466;0;0.09254;0;0,06;450;1
407;397;0;0.00447;0;0,12;195;1
397;589;0;0.0103;0;0,1;185;1
397;602;0;0.00502;0;0,13;310;1
408;398;0;0.02586;0;0,1;555;1
399;401;0;0.02776;0;0,14;185;1
400;416;0;0.00851;0;0,15;185;1
401;405;0;0.0515;0;0,08;330;1
402;407;0;0.05062;0;0,11;275;1
403;408;0;0.02757;0;0,13;605;1
409;403;0;0.08458;0;0,13;240;1
403;433;0;0.11535;0;0,11;185;1
404;406;0;0.02775;0;0,09;245;1
407;404;0;0.02172;0;0,1;185;1
407;404;0;0.06123;0;0,05;185;1
404;598;0;0.0112;0;0,05;685;1
405;411;0;0.01837;0;0,13;200;1
405;412;0;0.08868;0;0,14;350;1
405;425;0;0.07049;0;0,06;185;1
405;432;0;0.01358;0;0,1;270;1
410;406;0;0.03318;0;0,1;245;1
406;603;0;0.05321;0;0,08;325;1
414;407;0;0.0467;0;0,14;305;1
418;407;0;0.07352;0;0,13;185;1
407;422;0;0.01161;0;0,08;350;1
407;423;0;0.02967;0;0,12;240;1
407;427;0;0.12109;0;0,11;185;1
602;407;0;0.02117;0;0,07;185;1
408;419;0;0.02631;0;0,12;675;1
408;435;0;0.01266;0;0,08;1630;1
409;419;0;0.03803;0;0,1;375;1
409;433;0;0.15867;0;0,07;200;1
410;424;0;0.03936;0;0,15;215;1
411;416;0;0.03738;0;0,08;475;1
413;417;0;0.02539;0;0,11;185;1
426;413;0;0.04554;0;0,12;375;1
423;414;0;0.05275;0;0,1;185;1
438;415;0;0.10425;0;0,15;325;1
416;418;0;0.01307;0;0,15;185;1
416;427;0;0.01189;0;0,13;625;1
416;427;0;0.0264;0;0,14;275;1
418;427;0;0.02515;0;0,14;300;1
438;420;0;0.06004;0;0,11;300;1
458;421;0;0.0645;0;0,06;185;1
422;427;0;0.00684;0;0,15;525;1
422;427;0;0.04894;0;0,12;185;1
422;434;0;0.01637;0;0,14;450;1
423;430;0;0.0377;0;0,14;260;1
423;431;0;0.01001;0;0,13;375;1
423;434;0;0.00813;0;0,12;300;1
423;439;0;0.05625;0;0,14;185;1
423;439;0;0.05384;0;0,09;185;1
423;676;0;0.03602;0;0,11;485;1
424;429;0;0.02822;0;0,13;350;1
424;430;0;0.03014;0;0,05;190;1
425;432;0;0.03582;0;0,15;185;1
426;445;0;0.06699;0;0,12;525;1
427;428;0;0.08218;0;0,07;265;1
427;434;0;0.02145;0;0,11;500;1
427;436;0;0.02595;0;0,1;275;1
436;427;0;0.07866;0;0,13;185;1
437;427;0;0.05082;0;0,14;185;1
437;427;0;0.03302;0;0,13;185;1
440;427;0;0.07263;0;0,07;310;1
440;427;0;0.07749;0;0,11;315;1
427;442;0;0.04424;0;0,13;3225;1
447;427;0;0.03606;0;0,06;255;1
427;470;0;0.02478;0;0,09;185;1
428;434;0;0.05917;0;0,11;185;1
431;443;0;0.01883;0;0,11;185;1
432;455;0;0.09296;0;0,12;185;1
433;453;0;0.07514;0;0,13;315;1
433;456;0;0.11544;0;0,14;185;1
433;458;0;0.10221;0;0,13;375;1
434;441;0;0.01994;0;0,1;200;1
435;449;0;0.00814;0;0,14;2075;1
436;447;0;0.00705;0;0,05;185;1
436;447;0;0.03393;0;0,11;185;1
437;470;0;0.01678;0;0,14;280;1
438;445;0;0.02751;0;0,11;925;1
438;466;0;0.09591;0;0,1;185;1
438;466;0;0.09887;0;0,07;185;1
439;443;0;0.04955;0;0,1;185;1
446;440;0;0.03464;0;0,13;215;1
441;447;0;0.0307;0;0,12;260;1
442;460;0;0.04998;0;0,11;3525;1
443;684;0;0.00776;0;0,11;210;1
447;444;0;0.00772;0;0,07;475;1
445;448;0;0.08585;0;0,11;325;1
445;457;0;0.03121;0;0,14;325;1
463;445;0;0.10285;0;0,14;300;1
445;466;0;0.02843;0;0,14;500;1
445;472;0;0.09565;0;0,14;300;1
455;446;0;0.06348;0;0,14;185;1
447;454;0;0.01403;0;0,12;500;1
447;462;0;0.0551;0;0,11;325;1
447;462;0;0.0517;0;0,12;350;1
448;463;0;0.04727;0;0,11;185;1
449;458;0;0.00409;0;0,15;1285;1
466;450;0;0.0546;0;0,11;255;1
451;458;0;0.06558;0;0,1;300;1
452;462;0;0.03259;0;0,11;350;1
453;458;0;0.03646;0;0,09;525;1
454;469;0;0.04086;0;0,07;185;1
459;455;0;0.07122;0;0,12;250;1
455;465;0;0.05305;0;0,07;200;1
455;468;0;0.10236;0;0,1;185;1
455;475;0;0.10878;0;0,08;185;1
456;464;0;0.04107;0;0,12;275;1
458;464;0;0.06636;0;0,14;625;1
458;474;0;0.01266;0;0,07;875;1
458;474;0;0.01118;0;0,1;1025;1
477;458;0;0.09873;0;0,14;185;1
458;490;0;0.03919;0;0,13;835;1
459;466;0;0.04844;0;0,13;400;1
467;461;0;0.03029;0;0,14;500;1
464;476;0;0.05147;0;0,13;185;1
466;465;0;0.07039;0;0,1;350;1
466;471;0;0.02813;0;0,11;360;1
472;466;0;0.06368;0;0,07;285;1
466;479;0;0.05905;0;0,1;330;1
523;466;0;0.06879;0;0,12;650;1
467;478;0;0.04352;0;0,13;810;1
468;478;0;0.07845;0;0,1;325;1
480;469;0;0.06319;0;0,05;185;1
469;481;0;0.05317;0;0,07;700;1
470;478;0;0.00655;0;0,11;735;1
470;486;0;0.01489;0;0,12;675;1
472;488;0;0.0983;0;0,05;185;1
472;503;0;0.15216;0;0,13;315;1
473;474;0;0.02552;0;0,14;195;1
473;474;0;0.01841;0;0,08;235;1
474;495;0;0.03013;0;0,11;625;1
474;495;0;0.02924;0;0,15;675;1
478;475;0;0.06565;0;0,12;350;1
476;503;0;0.11211;0;0,14;320;1
477;484;0;0.06618;0;0,1;295;1
478;483;0;0.07784;0;0,13;305;1
478;485;0;0.06449;0;0,1;650;1
478;486;0;0.04618;0;0,14;325;1
486;478;0;0.00733;0;0,14;2380;1
479;488;0;0.07318;0;0,14;185;1
487;480;0;0.06132;0;0,05;705;1
481;482;0;0.02845;0;0,11;280;1
487;482;0;0.02975;0;0,15;185;1
482;493;0;0.0557;0;0,09;205;1
483;486;0;0.02979;0;0,13;195;1
489;483;0;0.06131;0;0,05;185;1
484;490;0;0.03986;0;0,08;550;1
485;502;0;0.05802;0;0,09;210;1
486;494;0;0.00684;0;0,14;185;1
496;486;0;0.0232;0;0,05;475;1
486;498;0;0.02718;0;0,07;1085;1
505;486;0;0.02056;0;0,05;825;1
486;510;0;0.01952;0;0,1;1995;1
487;498;0;0.03089;0;0,06;185;1
488;489;0;0.11453;0;0,14;235;1
492;488;0;0.08441;0;0,11;515;1
488;507;0;0.06272;0;0,13;450;1
488;512;0;0.08724;0;0,13;350;1
490;503;0;0.06645;0;0,14;710;1
490;503;0;0.06303;0;0,09;700;1
497;491;0;0.1127;0;0,14;425;1
517;491;0;0.02394;0;0,1;185;1
491;715;0;0.06363;0;0,08;195;1
492;511;0;0.0843;0;0,06;955;1
493;514;0;0.07198;0;0,05;475;1
494;502;0;0.04878;0;0,13;825;1
495;500;0;0.05721;0;0,09;195;1
495;500;0;0.05105;0;0,14;230;1
495;515;0;0.10109;0;0,13;220;1
495;522;0;0.04201;0;0,11;185;1
501;496;0;0.03648;0;0,13;300;1
499;497;0;0.09266;0;0,12;400;1
498;514;0;0.06976;0;0,09;335;1
498;521;0;0.06927;0;0,06;415;1
502;499;0;0.03541;0;0,15;185;1
505;501;0;0.05126;0;0,11;185;1
502;514;0;0.04121;0;0,05;335;1
503;509;0;0.03011;0;0,1;300;1
503;511;0;0.00871;0;0,12;185;1
513;503;0;0.09984;0;0,09;215;1
503;518;0;0.03503;0;0,13;450;1
517;504;0;0.0516;0;0,08;475;1
506;505;0;0.03866;0;0,15;300;1
519;505;0;0.08048;0;0,07;185;1
523;505;0;0.02324;0;0,15;210;1
507;519;0;0.04138;0;0,06;210;1
508;514;0;0.05705;0;0,15;525;1
510;516;0;0.01632;0;0,13;510;1
510;517;0;0.01526;0;0,1;945;1
511;512;0;0.09481;0;0,05;185;1
518;511;0;0.02506;0;0,1;550;1
518;511;0;0.05388;0;0,15;275;1
511;520;0;0.00737;0;0,05;220;1
528;511;0;0.02659;0;0,07;285;1
528;513;0;0.10235;0;0,1;185;1
514;521;0;0.08183;0;0,11;185;1
518;527;0;0.05968;0;0,09;500;1
518;530;0;0.08434;0;0,14;450;1
519;523;0;0.07335;0;0,11;185;1
519;525;0;0.03434;0;0,07;185;1
523;520;0;0.01473;0;0,13;475;1
522;528;0;0.02571;0;0,1;195;1
522;529;0;0.05475;0;0,12;425;1
522;531;0;0.09265;0;0,05;675;1
523;524;0;0.03441;0;0,08;310;1
523;525;0;0.01992;0;0,14;315;1
523;532;0;0.01345;0;0,13;550;1
526;528;0;0.06849;0;0,13;300;1
527;530;0;0.04408;0;0,11;240;1
531;528;0;0.10159;0;0,12;625;1
530;533;0;0.05036;0;0,11;325;1
534;535;0;0.0052;0;0,15;2160;1
1506;534;0;0.00776;0;0,1;2140;1
535;537;0;0.00434;0;0,05;575;1
539;535;0;0.00837;0;0,09;2700;1
535;541;0;0.00753;0;0,09;3000;1
535;543;0;0.00655;0;0,13;4075;1
536;539;0;0.00666;0;0,13;4650;1
545;536;0;0.00998;0;0,14;3025;1
537;538;0;0.01083;0;0,12;330;1
538;556;0;0.01562;0;0,08;990;1
540;544;0;0.01731;0;0,13;525;1
542;545;0;0.00547;0;0,06;1905;1
543;546;0;0.00713;0;0,11;1050;1
544;548;0;0.03154;0;0,15;1935;1
546;550;0;0.00738;0;0,12;1110;1
549;547;0;0.00747;0;0,11;1195;1
551;547;0;0.02322;0;0,13;610;1
547;552;0;0.01076;0;0,14;950;1
1507;547;0;0.03974;0;0,1;575;1
548;553;0;0.02688;0;0,15;280;1
550;549;0;0.00581;0;0,1;790;1
551;553;0;0.00793;0;0,1;1035;1
553;554;0;0.00885;0;0,06;575;1
554;606;0;0.0179;0;0,05;285;1
556;1507;0;0.0162;0;0,13;350;1
560;557;0;0.02727;0;0,14;185;1
557;564;0;0.02572;0;0,1;400;1
558;560;0;0.00923;0;0,12;725;1
558;560;0;0.02901;0;0,05;270;1
558;562;0;0.01758;0;0,13;325;1
568;558;0;0.02471;0;0,05;185;1
558;572;0;0.02759;0;0,07;185;1
558;990;0;0.01015;0;0,09;185;1
561;559;0;0.00439;0;0,1;375;1
568;559;0;0.03277;0;0,12;185;1
559;570;0;0.00807;0;0,08;550;1
559;572;0;0.06442;0;0,13;185;1
573;559;0;0.01224;0;0,14;525;1
989;559;0;0.00877;0;0,11;760;1
559;990;0;0.03527;0;0,14;185;1
559;991;0;0.00283;0;0,12;675;1
562;560;0;0.01651;0;0,11;185;1
560;564;0;0.01595;0;0,11;525;1
560;567;0;0.00966;0;0,1;270;1
560;567;0;0.01151;0;0,1;230;1
560;567;0;0.03038;0;0,1;185;1
561;565;0;0.00462;0;0,05;500;1
561;991;0;0.00734;0;0,1;475;1
565;563;0;0.00557;0;0,13;330;1
564;577;0;0.01812;0;0,09;185;1
577;564;0;0.01169;0;0,07;185;1
564;1020;0;0.00327;0;0,12;1090;1
566;573;0;0.01326;0;0,14;425;1
566;575;0;0.0075;0;0,13;185;1
571;567;0;0.00847;0;0,1;185;1
571;567;0;0.0221;0;0,13;185;1
567;576;0;0.0227;0;0,1;400;1
567;579;0;0.01083;0;0,1;575;1
567;581;0;0.01907;0;0,08;220;1
569;568;0;0.01627;0;0,1;400;1
575;568;0;0.03762;0;0,14;295;1
569;573;0;0.0146;0;0,13;625;1
570;572;0;0.00636;0;0,11;285;1
572;571;0;0.00754;0;0,15;300;1
573;572;0;0.07662;0;0,15;185;1
572;578;0;0.01194;0;0,12;185;1
572;578;0;0.01205;0;0,14;185;1
572;582;0;0.03554;0;0,05;185;1
573;582;0;0.03982;0;0,1;185;1
573;596;0;0.01759;0;0,1;185;1
580;574;0;0.00895;0;0,13;250;1
1018;574;0;0.01176;0;0,13;240;1
575;586;0;0.02774;0;0,12;985;1
590;575;0;0.03078;0;0,1;675;1
579;577;0;0.00716;0;0,07;185;1
577;581;0;0.00739;0;0,12;425;1
578;587;0;0.01478;0;0,11;185;1
578;591;0;0.01926;0;0,1;185;1
579;583;0;0.01457;0;0,11;350;1
581;580;0;0.01116;0;0,15;255;1
581;588;0;0.01072;0;0,07;460;1
593;581;0;0.02749;0;0,11;230;1
584;582;0;0.03622;0;0,05;580;1
582;587;0;0.02967;0;0,11;185;1
582;594;0;0.04011;0;0,14;300;1
593;585;0;0.03642;0;0,11;790;1
586;598;0;0.01687;0;0,14;300;1
591;587;0;0.00988;0;0,1;185;1
594;587;0;0.03144;0;0,15;275;1
637;587;0;0.00816;0;0,07;185;1
588;645;0;0.06227;0;0,15;220;1
588;666;0;0.0808;0;0,08;270;1
589;592;0;0.03282;0;0,1;195;1
589;592;0;0.01197;0;0,11;375;1
602;589;0;0.02303;0;0,12;185;1
590;601;0;0.0283;0;0,1;185;1
591;593;0;0.02016;0;0,12;290;1
591;595;0;0.03274;0;0,05;325;1
592;598;0;0.00554;0;0,06;275;1
592;598;0;0.01377;0;0,11;185;1
597;593;0;0.01497;0;0,11;1315;1
593;600;0;0.02127;0;0,06;330;1
593;651;0;0.02102;0;0,06;840;1
594;595;0;0.03389;0;0,06;195;1
599;594;0;0.01722;0;0,13;185;1
594;649;0;0.0648;0;0,06;300;1
595;600;0;0.0241;0;0,11;425;1
596;599;0;0.01777;0;0,11;475;1
596;599;0;0.02273;0;0,15;375;1
596;601;0;0.02437;0;0,13;1200;1
647;597;0;0.008;0;0,14;185;1
597;767;0;0.04542;0;0,11;1105;1
598;601;0;0.00801;0;0,07;1025;1
598;601;0;0.01963;0;0,1;425;1
603;601;0;0.01311;0;0,11;275;1
601;658;0;0.03946;0;0,12;235;1
604;605;0;0.01044;0;0,1;450;1
992;604;0;0.01041;0;0,14;300;1
605;606;0;0.01228;0;0,07;450;1
605;936;0;0.02984;0;0,12;300;1
607;608;0;0.0033;0;0,14;2975;1
607;609;0;0.04229;0;0,15;310;1
607;1509;0;0.00001;0;0,06;750;1
608;611;0;0.00294;0;0,11;2430;1
610;609;0;0.0244;0;0,13;1070;1
609;612;0;0.01393;0;0,12;185;1
613;610;0;0.01628;0;0,05;1230;1
611;615;0;0.01774;0;0,14;815;1
611;807;0;0.02576;0;0,11;1040;1
612;616;0;0.03887;0;0,15;665;1
613;614;0;0.02115;0;0,11;555;1
615;614;0;0.00797;0;0,13;4200;1
614;616;0;0.0222;0;0,13;1435;1
619;614;0;0.01342;0;0,12;2960;1
615;618;0;0.01205;0;0,11;4395;1
619;617;0;0.00663;0;0,1;2925;1
618;620;0;0.00937;0;0,12;3960;1
618;834;0;0.01326;0;0,15;500;1
619;623;0;0.01101;0;0,14;3850;1
620;622;0;0.01074;0;0,07;1690;1
623;621;0;0.01315;0;0,05;1595;1
622;625;0;0.00537;0;0,1;700;1
623;624;0;0.00906;0;0,15;6975;1
624;626;0;0.00605;0;0,11;4710;1
1506;624;0;0.01593;0;0,05;2470;1
625;627;0;0.00969;0;0,07;3175;1
626;627;0;0.00679;0;0,13;2470;1
627;628;0;0.00492;0;0,09;2615;1
627;899;0;0.02275;0;0,09;700;1
627;1507;0;0.03743;0;0,05;290;1
1506;629;0;0.00993;0;0,12;185;1
630;633;0;0.05282;0;0,13;325;1
630;635;0;0.05022;0;0,13;375;1
631;632;0;0.05855;0;0,09;200;1
631;640;0;0.04123;0;0,14;350;1
631;660;0;0.07805;0;0,11;220;1
632;639;0;0.02579;0;0,14;805;1
633;636;0;0.0096;0;0,08;265;1
633;638;0;0.01219;0;0,12;905;1
634;641;0;0.03916;0;0,09;820;1
634;644;0;0.05668;0;0,1;450;1
634;653;0;0.0778;0;0,09;275;1
1025;634;0;0.11983;0;0,05;190;1
635;646;0;0.04304;0;0,07;185;1
652;636;0;0.05782;0;0,05;185;1
637;649;0;0.04693;0;0,06;245;1
643;638;0;0.06354;0;0,13;185;1
638;654;0;0.04704;0;0,15;860;1
638;1226;0;0.03064;0;0,11;475;1
639;642;0;0.05571;0;0,11;325;1
663;639;0;0.08353;0;0,11;185;1
639;668;0;0.09711;0;0,14;185;1
640;648;0;0.0273;0;0,11;310;1
640;648;0;0.01584;0;0,15;425;1
640;660;0;0.0267;0;0,11;185;1
641;646;0;0.02851;0;0,14;425;1
644;642;0;0.05097;0;0,13;315;1
643;1226;0;0.02038;0;0,05;300;1
644;656;0;0.06513;0;0,09;270;1
645;666;0;0.03668;0;0,05;725;1
657;647;0;0.01354;0;0,09;185;1
647;666;0;0.03295;0;0,15;185;1
648;655;0;0.01121;0;0,07;240;1
662;648;0;0.04304;0;0,11;290;1
649;669;0;0.06373;0;0,07;185;1
650;656;0;0.06995;0;0,12;295;1
650;663;0;0.04391;0;0,14;185;1
650;668;0;0.04773;0;0,07;270;1
651;666;0;0.01154;0;0,05;185;1
652;665;0;0.01505;0;0,13;575;1
653;667;0;0.03707;0;0,12;725;1
654;667;0;0.00765;0;0,1;1245;1
655;660;0;0.01476;0;0,14;350;1
655;661;0;0.02462;0;0,05;885;1
656;665;0;0.03032;0;0,05;525;1
656;693;0;0.13735;0;0,11;325;1
657;669;0;0.01143;0;0,11;475;1
658;664;0;0.02097;0;0,08;400;1
659;660;0;0.01557;0;0,14;300;1
670;659;0;0.01967;0;0,1;885;1
660;673;0;0.0214;0;0,14;450;1
660;675;0;0.04522;0;0,12;1115;1
661;666;0;0.01824;0;0,14;425;1
661;671;0;0.01369;0;0,13;1760;1
666;662;0;0.0174;0;0,12;1415;1
663;674;0;0.04365;0;0,06;300;1
664;678;0;0.02795;0;0,06;305;1
665;667;0;0.02503;0;0,1;1805;1
670;665;0;0.0149;0;0,12;1375;1
665;675;0;0.01437;0;0,1;1185;1
669;666;0;0.09412;0;0,07;185;1
666;671;0;0.0125;0;0,09;1160;1
666;679;0;0.02437;0;0,06;915;1
686;666;0;0.03335;0;0,07;235;1
668;667;0;0.13203;0;0,1;500;1
667;672;0;0.01029;0;0,13;1160;1
668;671;0;0.17249;0;0,14;225;1
668;674;0;0.03652;0;0,08;185;1
669;676;0;0.01971;0;0,1;650;1
681;669;0;0.06279;0;0,1;185;1
670;674;0;0.03321;0;0,09;185;1
671;682;0;0.02418;0;0,11;275;1
671;706;0;0.19466;0;0,13;185;1
672;677;0;0.00716;0;0,11;1550;1
673;682;0;0.02405;0;0,13;1605;1
674;675;0;0.02409;0;0,09;1575;1
674;685;0;0.05646;0;0,12;190;1
675;680;0;0.01127;0;0,12;1085;1
675;683;0;0.02437;0;0,11;475;1
675;693;0;0.12209;0;0,12;185;1
678;676;0;0.01146;0;0,05;625;1
676;681;0;0.04934;0;0,1;300;1
686;676;0;0.04048;0;0,1;185;1
676;691;0;0.02422;0;0,07;650;1
677;690;0;0.01434;0;0,05;305;1
678;692;0;0.03069;0;0,06;405;1
679;682;0;0.01764;0;0,11;185;1
680;689;0;0.02416;0;0,11;185;1
682;687;0;0.05288;0;0,09;185;1
682;688;0;0.01921;0;0,14;185;1
690;683;0;0.03219;0;0,1;1060;1
684;692;0;0.02172;0;0,08;220;1
685;705;0;0.11191;0;0,11;425;1
686;694;0;0.01228;0;0,11;425;1
687;688;0;0.03701;0;0,14;200;1
687;689;0;0.01251;0;0,05;735;1
688;705;0;0.02673;0;0,13;325;1
689;693;0;0.01822;0;0,08;185;1
689;697;0;0.01061;0;0,14;1300;1
690;696;0;0.0096;0;0,08;1125;1
692;691;0;0.01361;0;0,08;240;1
691;694;0;0.14789;0;0,11;220;1
691;695;0;0.06742;0;0,1;185;1
691;702;0;0.02271;0;0,08;185;1
692;702;0;0.01918;0;0,11;215;1
696;693;0;0.03297;0;0,15;760;1
693;709;0;0.09174;0;0,08;325;1
694;698;0;0.03153;0;0,12;185;1
700;694;0;0.0601;0;0,06;185;1
694;701;0;0.07961;0;0,07;185;1
694;704;0;0.02797;0;0,08;255;1
705;694;0;0.04639;0;0,14;625;1
695;698;0;0.07477;0;0,06;425;1
696;699;0;0.02039;0;0,1;185;1
703;696;0;0.0389;0;0,13;275;1
697;709;0;0.0206;0;0,07;920;1
699;703;0;0.01942;0;0,14;525;1
700;704;0;0.02634;0;0,12;185;1
701;706;0;0.10117;0;0,12;275;1
704;702;0;0.03601;0;0,08;500;1
702;708;0;0.01896;0;0,05;260;1
703;710;0;0.03027;0;0,08;1135;1
704;711;0;0.05541;0;0,08;600;1
705;706;0;0.01105;0;0,12;185;1
707;705;0;0.04801;0;0,13;475;1
712;706;0;0.03468;0;0,14;585;1
706;714;0;0.15526;0;0,08;185;1
707;709;0;0.01111;0;0,11;1495;1
707;712;0;0.00809;0;0,07;285;1
709;713;0;0.13334;0;0,06;275;1
709;716;0;0.0245;0;0,11;425;1
709;719;0;0.03964;0;0,12;2800;1
710;718;0;0.10399;0;0,07;325;1
720;710;0;0.05788;0;0,12;1250;1
715;711;0;0.06675;0;0,13;400;1
714;712;0;0.00097;0;0,07;800;1
712;717;0;0.01141;0;0,11;295;1
724;713;0;0.17453;0;0,12;505;1
729;716;0;0.10226;0;0,14;1225;1
718;721;0;0.08254;0;0,08;750;1
726;719;0;0.02745;0;0,15;1925;1
719;1253;0;0.00001;0;0,14;185;1
722;720;0;0.00533;0;0,15;535;1
723;720;0;0.0105;0;0,13;1070;1
721;723;0;0.02841;0;0,09;675;1
722;723;0;0.02931;0;0,06;305;1
722;724;0;0.03192;0;0,05;325;1
722;725;0;0.11348;0;0,13;295;1
723;727;0;0.04461;0;0,1;855;1
726;724;0;0.04017;0;0,05;955;1
724;728;0;0.09695;0;0,08;475;1
729;724;0;0.08902;0;0,14;185;1
731;725;0;0.10162;0;0,06;500;1
726;728;0;0.00729;0;0,09;1265;1
726;729;0;0.04694;0;0,15;635;1
726;732;0;0.03438;0;0,11;695;1
727;730;0;0.04001;0;0,13;920;1
728;729;0;0.02982;0;0,09;1270;1
732;729;0;0.0194;0;0,09;310;1
729;737;0;0.02824;0;0,06;185;1
733;730;0;0.04994;0;0,1;1415;1
730;734;0;0.02607;0;0,06;425;1
738;730;0;0.02922;0;0,13;185;1
731;736;0;0.02907;0;0,1;375;1
731;741;0;0.08075;0;0,06;375;1
732;736;0;0.06;0;0,05;650;1
732;737;0;0.01038;0;0,12;215;1
739;733;0;0.05034;0;0,13;1170;1
734;739;0;0.07392;0;0,15;1680;1
737;735;0;0.03081;0;0,13;320;1
735;740;0;0.01808;0;0,05;1160;1
738;736;0;0.03507;0;0,11;450;1
740;736;0;0.01418;0;0,09;950;1
736;741;0;0.06548;0;0,12;665;1
737;740;0;0.04467;0;0,14;690;1
738;741;0;0.01939;0;0,12;1485;1
742;739;0;0.02416;0;0,11;300;1
739;743;0;0.04971;0;0,14;680;1
739;747;0;0.03248;0;0,06;475;1
744;740;0;0.02048;0;0,08;1705;1
741;743;0;0.03005;0;0,1;2420;1
744;741;0;0.01919;0;0,12;1195;1
741;745;0;0.02326;0;0,08;525;1
743;742;0;0.02426;0;0,1;1080;1
742;746;0;0.09048;0;0,14;240;1
742;747;0;0.04802;0;0,1;250;1
743;748;0;0.03845;0;0,14;425;1
748;745;0;0.05537;0;0,14;1245;1
749;745;0;0.18101;0;0,12;250;1
746;749;0;0.08165;0;0,07;310;1
747;1514;0;0.00001;0;0,15;350;1
748;750;0;0.03996;0;0,1;1820;1
749;751;0;0.09637;0;0,12;185;1
750;752;0;0.03714;0;0,07;1065;1
751;753;0;0.08494;0;0,13;185;1
754;752;0;0.05419;0;0,05;850;1
754;753;0;0.01018;0;0,12;225;1
755;754;0;0.04041;0;0,09;525;1
758;755;0;0.11201;0;0,12;650;1
755;760;0;0.02826;0;0,05;650;1
761;755;0;0.04656;0;0,05;295;1
756;757;0;0.018;0;0,08;295;1
756;758;0;0.02677;0;0,14;705;1
758;757;0;0.03864;0;0,1;580;1
757;762;0;0.0256;0;0,12;430;1
760;765;0;0.02386;0;0,11;300;1
761;764;0;0.03042;0;0,13;185;1
762;763;0;0.06709;0;0,06;375;1
763;765;0;0.06909;0;0,14;800;1
765;764;0;0.02642;0;0,06;660;1
766;764;0;0.03042;0;0,05;525;1
765;766;0;0.0076;0;0,06;215;1
773;768;0;0.03986;0;0,08;375;1
1039;768;0;0.04386;0;0,06;185;1
770;769;0;0.02269;0;0,13;255;1
769;774;0;0.04206;0;0,05;185;1
770;775;0;0.02512;0;0,13;185;1
776;770;0;0.0241;0;0,06;395;1
770;780;0;0.0606;0;0,07;285;1
770;802;0;0.03567;0;0,05;400;1
771;773;0;0.02119;0;0,09;525;1
771;1510;0;0.00001;0;0,09;275;1
772;776;0;0.00858;0;0,08;185;1
772;1511;0;0.00001;0;0,06;550;1
773;779;0;0.01225;0;0,13;325;1
773;781;0;0.03268;0;0,13;325;1
1039;773;0;0.02023;0;0,11;670;1
776;774;0;0.02661;0;0,14;375;1
776;775;0;0.04686;0;0,06;260;1
776;782;0;0.01264;0;0,13;230;1
776;792;0;0.02589;0;0,1;800;1
776;819;0;0.10217;0;0,14;480;1
779;777;0;0.01449;0;0,15;810;1
777;781;0;0.02484;0;0,09;235;1
781;778;0;0.02963;0;0,11;955;1
779;781;0;0.01219;0;0,13;525;1
779;787;0;0.01274;0;0,06;245;1
780;786;0;0.03211;0;0,11;500;1
808;780;0;0.0658;0;0,08;625;1
781;783;0;0.01884;0;0,07;2520;1
781;784;0;0.00837;0;0,11;1275;1
783;785;0;0.02043;0;0,13;285;1
784;788;0;0.0047;0;0,09;1860;1
790;784;0;0.00747;0;0,09;1145;1
791;785;0;0.08865;0;0,13;185;1
800;785;0;0.03387;0;0,12;475;1
786;1101;0;0.01447;0;0,06;185;1
787;790;0;0.00528;0;0,15;1160;1
793;787;0;0.02608;0;0,06;2665;1
787;816;0;0.02829;0;0,05;475;1
788;797;0;0.00896;0;0,15;2855;1
795;789;0;0.02024;0;0,14;3150;1
798;791;0;0.05279;0;0,14;475;1
792;819;0;0.02331;0;0,12;1270;1
795;793;0;0.00459;0;0,06;2720;1
793;804;0;0.00815;0;0,15;690;1
796;794;0;0.01517;0;0,13;1215;1
795;796;0;0.03467;0;0,08;650;1
795;799;0;0.0186;0;0,11;970;1
795;807;0;0.01313;0;0,11;1595;1
795;809;0;0.02902;0;0,15;450;1
822;797;0;0.01776;0;0,14;1815;1
799;798;0;0.01347;0;0,15;960;1
798;803;0;0.02897;0;0,06;525;1
803;800;0;0.02412;0;0,05;1020;1
800;810;0;0.01924;0;0,07;1075;1
801;806;0;0.01516;0;0,12;965;1
808;801;0;0.03049;0;0,05;650;1
802;808;0;0.00609;0;0,1;3225;1
805;808;0;0.01162;0;0,13;1075;1
819;805;0;0.02508;0;0,15;745;1
806;812;0;0.03612;0;0,11;375;1
814;806;0;0.0153;0;0,14;1800;1
807;811;0;0.0045;0;0,1;2965;1
808;813;0;0.01941;0;0,14;1705;1
814;808;0;0.02821;0;0,14;710;1
816;810;0;0.02803;0;0,1;625;1
811;815;0;0.00507;0;0,07;1870;1
829;813;0;0.01048;0;0,14;3180;1
814;824;0;0.01515;0;0,1;1050;1
823;815;0;0.01164;0;0,12;705;1
815;832;0;0.01758;0;0,09;685;1
816;820;0;0.10009;0;0,1;550;1
816;821;0;0.01225;0;0,08;280;1
816;826;0;0.0233;0;0,07;435;1
816;827;0;0.03208;0;0,1;1385;1
816;830;0;0.0389;0;0,05;330;1
830;817;0;0.00514;0;0,1;425;1
818;822;0;0.00808;0;0,07;2695;1
825;818;0;0.00608;0;0,06;2735;1
824;819;0;0.04182;0;0,13;185;1
819;825;0;0.01156;0;0,12;3275;1
846;819;0;0.02078;0;0,07;400;1
822;820;0;0.01649;0;0,11;185;1
820;836;0;0.0325;0;0,12;870;1
821;838;0;0.01987;0;0,07;1090;1
831;822;0;0.0095;0;0,05;265;1
834;823;0;0.00523;0;0,15;1160;1
823;843;0;0.00867;0;0,1;3095;1
829;824;0;0.01097;0;0,11;1745;1
824;837;0;0.03457;0;0,14;400;1
849;824;0;0.01853;0;0,1;295;1
826;828;0;0.03069;0;0,12;185;1
826;833;0;0.01492;0;0,15;190;1
841;827;0;0.01802;0;0,06;820;1
830;828;0;0.03235;0;0,12;700;1
835;829;0;0.00857;0;0,1;375;1
829;849;0;0.02553;0;0,11;485;1
832;830;0;0.02004;0;0,12;625;1
832;830;0;0.00958;0;0,11;1360;1
841;831;0;0.01087;0;0,1;280;1
832;840;0;0.02133;0;0,15;1590;1
867;832;0;0.08045;0;0,14;400;1
838;833;0;0.01998;0;0,07;575;1
833;839;0;0.01836;0;0,13;820;1
845;833;0;0.0428;0;0,11;275;1
834;862;0;0.00759;0;0,12;325;1
835;844;0;0.00463;0;0,08;1920;1
836;842;0;0.01552;0;0,13;375;1
837;852;0;0.01112;0;0,11;315;1
838;845;0;0.00409;0;0,11;195;1
848;838;0;0.01745;0;0,12;1160;1
845;840;0;0.01766;0;0,12;670;1
857;841;0;0.00993;0;0,07;235;1
842;863;0;0.02604;0;0,1;845;1
855;843;0;0.03684;0;0,13;185;1
843;858;0;0.0069;0;0,12;1190;1
844;849;0;0.021;0;0,15;350;1
844;850;0;0.00745;0;0,08;1855;1
845;851;0;0.028;0;0,07;750;1
855;845;0;0.03447;0;0,08;800;1
852;846;0;0.00935;0;0,1;295;1
847;850;0;0.01361;0;0,09;1115;1
1141;847;0;0.006;0;0,07;245;1
848;874;0;0.00965;0;0,05;325;1
859;849;0;0.02018;0;0,1;185;1
849;861;0;0.01715;0;0,06;300;1
849;880;0;0.01507;0;0,15;530;1
850;865;0;0.00912;0;0,14;325;1
852;854;0;0.04422;0;0,08;185;1
866;852;0;0.02899;0;0,14;550;1
881;852;0;0.03238;0;0,14;500;1
853;855;0;0.01787;0;0,07;750;1
881;854;0;0.06515;0;0,11;375;1
855;858;0;0.00935;0;0,1;675;1
871;855;0;0.0118;0;0,05;1170;1
856;870;0;0.01592;0;0,15;400;1
857;879;0;0.00706;0;0,13;275;1
858;864;0;0.03216;0;0,05;730;1
868;858;0;0.00325;0;0,06;475;1
883;858;0;0.01297;0;0,05;2995;1
881;859;0;0.01501;0;0,15;185;1
867;860;0;0.01983;0;0,12;855;1
862;871;0;0.00332;0;0,07;190;1
862;872;0;0.00334;0;0,1;765;1
863;873;0;0.01724;0;0,13;400;1
865;880;0;0.01954;0;0,08;185;1
870;866;0;0.02274;0;0,11;195;1
867;869;0;0.0049;0;0,1;1230;1
867;876;0;0.01772;0;0,05;730;1
867;877;0;0.06327;0;0,12;275;1
867;893;0;0.01247;0;0,09;675;1
875;868;0;0.00611;0;0,13;1325;1
869;877;0;0.00315;0;0,06;2910;1
880;870;0;0.01818;0;0,15;1720;1
882;870;0;0.03555;0;0,15;960;1
871;875;0;0.01377;0;0,06;785;1
883;874;0;0.01084;0;0,13;1510;1
874;886;0;0.00964;0;0,07;1330;1
875;878;0;0.01719;0;0,14;300;1
875;890;0;0.06543;0;0,11;240;1
877;890;0;0.00893;0;0,05;1825;1
878;887;0;0.02603;0;0,11;900;1
890;878;0;0.04114;0;0,07;400;1
879;886;0;0.00573;0;0,09;600;1
880;884;0;0.0148;0;0,06;405;1
880;888;0;0.01898;0;0,11;400;1
880;889;0;0.00679;0;0,06;425;1
896;880;0;0.02262;0;0,08;405;1
880;1054;0;0.01672;0;0,05;1470;1
881;885;0;0.02777;0;0,12;995;1
881;896;0;0.00734;0;0,06;235;1
882;892;0;0.02222;0;0,13;400;1
885;891;0;0.01437;0;0,07;1360;1
886;891;0;0.00782;0;0,13;3230;1
886;905;0;0.00852;0;0,14;1060;1
887;898;0;0.01866;0;0,06;185;1
893;890;0;0.00661;0;0,14;3260;1
890;894;0;0.01103;0;0,1;3550;1
895;890;0;0.00481;0;0,09;285;1
895;890;0;0.00577;0;0,11;255;1
890;904;0;0.02421;0;0,09;605;1
891;906;0;0.007;0;0,13;655;1
894;898;0;0.00695;0;0,13;3735;1
895;903;0;0.00614;0;0,07;450;1
895;904;0;0.0203;0;0,05;650;1
904;895;0;0.00401;0;0,1;3450;1
896;901;0;0.0419;0;0,07;450;1
902;896;0;0.01091;0;0,11;480;1
896;909;0;0.01223;0;0,1;1045;1
897;905;0;0.00546;0;0,08;400;1
898;900;0;0.02045;0;0,09;400;1
904;898;0;0.01862;0;0,14;1490;1
904;898;0;0.0539;0;0,05;450;1
905;898;0;0.0155;0;0,06;1850;1
898;910;0;0.03292;0;0,09;740;1
899;903;0;0.00698;0;0,13;1255;1
903;904;0;0.00844;0;0,13;1395;1
903;914;0;0.01032;0;0,12;3470;1
904;908;0;0.00438;0;0,14;3500;1
911;904;0;0.03882;0;0,12;775;1
915;905;0;0.00955;0;0,07;185;1
906;916;0;0.01509;0;0,14;310;1
909;907;0;0.01069;0;0,14;235;1
907;923;0;0.01575;0;0,11;350;1
908;911;0;0.00757;0;0,13;3135;1
909;917;0;0.00524;0;0,11;1780;1
924;910;0;0.03585;0;0,12;350;1
911;912;0;0.02623;0;0,11;375;1
922;911;0;0.0216;0;0,11;1280;1
932;911;0;0.02702;0;0,12;1245;1
913;927;0;0.05996;0;0,11;375;1
914;927;0;0.01147;0;0,1;2935;1
915;919;0;0.0075;0;0,14;1025;1
915;920;0;0.00531;0;0,05;425;1
916;921;0;0.02415;0;0,13;375;1
917;918;0;0.00437;0;0,11;185;1
917;928;0;0.00944;0;0,05;1420;1
917;933;0;0.0446;0;0,12;815;1
921;918;0;0.01257;0;0,1;535;1
919;925;0;0.00442;0;0,11;375;1
919;926;0;0.0475;0;0,14;230;1
934;921;0;0.01691;0;0,06;200;1
937;921;0;0.01699;0;0,12;595;1
921;942;0;0.01917;0;0,15;375;1
922;925;0;0.01026;0;0,09;760;1
922;932;0;0.00803;0;0,14;855;1
923;935;0;0.00743;0;0,14;945;1
1054;923;0;0.05651;0;0,08;185;1
924;925;0;0.01529;0;0,05;185;1
924;925;0;0.03324;0;0,1;185;1
924;932;0;0.01849;0;0,09;185;1
925;926;0;0.02192;0;0,1;300;1
925;938;0;0.05944;0;0,14;475;1
926;930;0;0.02296;0;0,05;500;1
927;929;0;0.03824;0;0,11;350;1
927;947;0;0.01103;0;0,11;1530;1
992;927;0;0.01111;0;0,09;525;1
937;928;0;0.00744;0;0,07;445;1
929;936;0;0.01425;0;0,14;1335;1
930;937;0;0.08197;0;0,12;185;1
931;932;0;0.11579;0;0,11;300;1
931;941;0;0.05981;0;0,06;185;1
932;940;0;0.01324;0;0,11;325;1
932;940;0;0.03239;0;0,14;190;1
932;943;0;0.02515;0;0,1;320;1
932;945;0;0.00888;0;0,12;3275;1
933;935;0;0.04117;0;0,05;770;1
937;933;0;0.03066;0;0,1;585;1
933;950;0;0.05028;0;0,1;580;1
945;934;0;0.03705;0;0,13;320;1
935;946;0;0.00758;0;0,12;540;1
935;951;0;0.02484;0;0,11;185;1
936;948;0;0.05271;0;0,11;705;1
937;953;0;0.01197;0;0,07;830;1
938;949;0;0.02608;0;0,12;185;1
939;949;0;0.02155;0;0,11;3695;1
949;940;0;0.03433;0;0,15;815;1
940;955;0;0.01399;0;0,14;3990;1
940;955;0;0.02786;0;0,06;975;1
943;941;0;0.02416;0;0,06;475;1
949;942;0;0.00976;0;0,14;1525;1
957;942;0;0.04976;0;0,13;715;1
957;942;0;0.03177;0;0,13;1155;1
947;943;0;0.00586;0;0,09;600;1
949;944;0;0.01022;0;0,13;3795;1
945;955;0;0.00817;0;0,07;450;1
945;959;0;0.01467;0;0,05;1320;1
945;959;0;0.01779;0;0,09;1120;1
952;949;0;0.0041;0;0,13;1165;1
949;959;0;0.00742;0;0,1;3435;1
959;949;0;0.04978;0;0,15;375;1
950;953;0;0.02626;0;0,13;870;1
950;956;0;0.02456;0;0,13;920;1
951;954;0;0.01412;0;0,12;575;1
1004;951;0;0.03237;0;0,14;910;1
952;959;0;0.01706;0;0,14;800;1
952;966;0;0.0247;0;0,1;1745;1
953;960;0;0.01042;0;0,08;1115;1
954;969;0;0.01146;0;0,12;1325;1
955;962;0;0.01999;0;0,1;450;1
955;963;0;0.0172;0;0,15;1625;1
955;984;0;0.02273;0;0,08;3920;1
956;994;0;0.04776;0;0,13;325;1
957;967;0;0.00635;0;0,13;1445;1
966;958;0;0.00588;0;0,11;450;1
959;971;0;0.01091;0;0,12;4425;1
974;959;0;0.01569;0;0,08;4185;1
981;959;0;0.02424;0;0,12;4035;1
960;969;0;0.00558;0;0,05;4035;1
965;961;0;0.00947;0;0,11;350;1
961;968;0;0.00484;0;0,14;700;1
970;961;0;0.01071;0;0,06;1435;1
961;973;0;0.00684;0;0,12;595;1
963;975;0;0.023;0;0,12;1070;1
966;964;0;0.00473;0;0,11;450;1
976;965;0;0.01139;0;0,1;185;1
980;966;0;0.05171;0;0,06;300;1
967;976;0;0.00804;0;0,12;880;1
968;973;0;0.00496;0;0,1;185;1
970;969;0;0.01122;0;0,05;4435;1
969;972;0;0.005;0;0,1;530;1
969;979;0;0.01142;0;0,1;530;1
970;977;0;0.00599;0;0,15;1160;1
971;978;0;0.01279;0;0,05;1385;1
976;973;0;0.07995;0;0,11;185;1
973;985;0;0.0166;0;0,1;310;1
974;976;0;0.00994;0;0,14;1565;1
975;984;0;0.0257;0;0,12;555;1
976;985;0;0.00897;0;0,11;1500;1
976;988;0;0.01547;0;0,12;275;1
977;993;0;0.03698;0;0,1;525;1
980;978;0;0.00685;0;0,14;995;1
983;980;0;0.02255;0;0,12;270;1
980;989;0;0.01288;0;0,09;600;1
981;988;0;0.01232;0;0,1;475;1
990;981;0;0.02441;0;0,15;895;1
982;985;0;0.05398;0;0,12;1145;1
982;987;0;0.04047;0;0,05;500;1
984;989;0;0.04123;0;0,09;205;1
984;991;0;0.01009;0;0,15;1255;1
1018;985;0;0.01829;0;0,11;185;1
990;986;0;0.04774;0;0,13;450;1
988;1023;0;0.01181;0;0,11;255;1
988;1023;0;0.02231;0;0,08;185;1
993;1018;0;0.01299;0;0,14;185;1
994;995;0;0.02237;0;0,12;525;1
1004;994;0;0.0203;0;0,08;265;1
996;997;0;0.02017;0;0,1;375;1
998;996;0;0.05001;0;0,13;550;1
996;999;0;0.01261;0;0,14;935;1
1002;996;0;0.08666;0;0,11;315;1
1070;996;0;0.05998;0;0,15;285;1
1003;998;0;0.02812;0;0,05;910;1
1071;998;0;0.03876;0;0,1;295;1
999;1006;0;0.03454;0;0,05;575;1
1010;999;0;0.01795;0;0,1;425;1
999;1031;0;0.02746;0;0,09;190;1
999;1182;0;0.02705;0;0,15;185;1
1000;1002;0;0.02438;0;0,12;550;1
1003;1000;0;0.01477;0;0,06;710;1
1001;1005;0;0.02118;0;0,12;350;1
1004;1003;0;0.02484;0;0,14;425;1
1003;1005;0;0.02973;0;0,07;185;1
1008;1003;0;0.02557;0;0,12;1365;1
1004;1005;0;0.02469;0;0,07;400;1
1004;1007;0;0.01925;0;0,1;865;1
1004;1030;0;0.04117;0;0,12;315;1
1006;1011;0;0.07008;0;0,09;215;1
1013;1007;0;0.05314;0;0,15;450;1
1008;1009;0;0.02018;0;0,07;500;1
1009;1011;0;0.04024;0;0,15;185;1
1009;1013;0;0.08739;0;0,12;230;1
1010;1017;0;0.0126;0;0,05;185;1
1011;1012;0;0.01782;0;0,07;450;1
1022;1012;0;0.04007;0;0,1;320;1
1015;1013;0;0.01596;0;0,09;385;1
1013;1025;0;0.01601;0;0,05;410;1
1015;1014;0;0.01721;0;0,15;185;1
1016;1014;0;0.01405;0;0,14;350;1
1018;1015;0;0.06754;0;0,08;185;1
1015;1019;0;0.01338;0;0,13;325;1
1016;1018;0;0.03022;0;0,11;185;1
1026;1017;0;0.01897;0;0,12;185;1
1017;1219;0;0.01049;0;0,07;245;1
1023;1018;0;0.01792;0;0,15;400;1
1018;1024;0;0.01603;0;0,14;350;1
1020;1023;0;0.00508;0;0,11;1410;1
1025;1021;0;0.04621;0;0,14;185;1
1022;1026;0;0.0199;0;0,15;475;1
1023;1028;0;0.03475;0;0,11;690;1
1025;1027;0;0.08239;0;0,06;275;1
1029;1026;0;0.0215;0;0,09;370;1
1026;1221;0;0.10265;0;0,13;185;1
1027;1029;0;0.01817;0;0,1;185;1
1031;1182;0;0.0587;0;0,09;185;1
1034;1032;0;0.02653;0;0,07;550;1
1502;1032;0;0.05;0;0,15;295;1
1036;1033;0;0.0136;0;0,1;915;1
1503;1033;0;0.05;0;0,07;400;1
1034;1035;0;0.01871;0;0,11;1310;1
1039;1034;0;0.04885;0;0,1;4185;1
1037;1036;0;0.01671;0;0,14;400;1
1037;1038;0;0.0296;0;0,1;235;1
1037;1038;0;0.02879;0;0,07;230;1
1039;1037;0;0.0255;0;0,05;1235;1
1041;1040;0;0.04042;0;0,11;450;1
1040;1043;0;0.0221;0;0,1;235;1
1044;1040;0;0.15855;0;0,14;185;1
1056;1040;0;0.07776;0;0,05;200;1
1041;1048;0;0.02474;0;0,05;270;1
1052;1042;0;0.01894;0;0,15;720;1
1043;1052;0;0.04302;0;0,13;375;1
1044;1048;0;0.03441;0;0,09;575;1
1045;1053;0;0.04391;0;0,12;325;1
1046;1053;0;0.00494;0;0,06;1740;1
1165;1046;0;0.01198;0;0,05;855;1
1054;1047;0;0.03717;0;0,11;590;1
1048;1054;0;0.03071;0;0,13;275;1
1054;1048;0;0.05944;0;0,11;190;1
1056;1048;0;0.11688;0;0,14;185;1
1056;1048;0;0.04393;0;0,12;315;1
1049;1052;0;0.05626;0;0,11;245;1
1056;1049;0;0.01786;0;0,08;550;1
1050;1054;0;0.00935;0;0,12;340;1
1054;1050;0;0.0078;0;0,07;375;1
1051;1061;0;0.04905;0;0,13;185;1
1051;1169;0;0.05462;0;0,05;280;1
1051;1206;0;0.0982;0;0,07;190;1
1061;1052;0;0.04179;0;0,07;260;1
1053;1061;0;0.04062;0;0,07;425;1
1201;1053;0;0.02625;0;0,11;595;1
1059;1054;0;0.03132;0;0,08;1225;1
1060;1054;0;0.03418;0;0,07;275;1
1062;1054;0;0.10639;0;0,07;185;1
1054;1064;0;0.02359;0;0,11;185;1
1068;1054;0;0.03273;0;0,12;185;1
1056;1055;0;0.09266;0;0,08;220;1
1055;1070;0;0.19464;0;0,07;185;1
1056;1057;0;0.04011;0;0,15;640;1
1056;1058;0;0.02761;0;0,12;400;1
1056;1067;0;0.11426;0;0,07;185;1
1060;1058;0;0.00484;0;0,13;295;1
1058;1072;0;0.01979;0;0,11;1260;1
1059;1068;0;0.05323;0;0,13;690;1
1060;1061;0;0.13848;0;0,12;190;1
1061;1065;0;0.01048;0;0,07;280;1
1061;1070;0;0.04753;0;0,14;265;1
1063;1062;0;0.03059;0;0,14;185;1
1063;1070;0;0.0252;0;0,1;395;1
1063;1071;0;0.01903;0;0,12;755;1
1064;1068;0;0.01045;0;0,14;300;1
1070;1065;0;0.03207;0;0,11;375;1
1067;1066;0;0.029;0;0,13;425;1
1068;1067;0;0.08686;0;0,13;300;1
1067;1069;0;0.09024;0;0,07;290;1
1068;1072;0;0.0451;0;0,11;275;1
1070;1069;0;0.24956;0;0,13;185;1
1071;1070;0;0.01035;0;0,11;5935;1
1070;1212;0;0.12648;0;0,1;185;1
1070;1215;0;0.05944;0;0,14;185;1
1070;1216;0;0.03741;0;0,13;325;1
1073;1071;0;0.07011;0;0,13;185;1
1072;1073;0;0.02741;0;0,05;220;1
1072;1073;0;0.02123;0;0,07;280;1
1074;1076;0;0.03876;0;0,1;325;1
1074;1078;0;0.01435;0;0,1;375;1
1085;1075;0;0.1106;0;0,1;330;1
1076;1083;0;0.04852;0;0,1;185;1
1078;1077;0;0.06135;0;0,11;275;1
1077;1080;0;0.00268;0;0,06;185;1
1078;1079;0;0.00485;0;0,12;185;1
1078;1084;0;0.04216;0;0,09;375;1
1079;1082;0;0.16453;0;0,13;200;1
1079;1089;0;0.14816;0;0,14;315;1
1085;1080;0;0.15778;0;0,12;280;1
1080;1090;0;0.14083;0;0,07;205;1
1081;1096;0;0.05831;0;0,14;775;1
1083;1082;0;0.11688;0;0,13;295;1
1082;1094;0;0.10432;0;0,1;225;1
1083;1101;0;0.06036;0;0,1;215;1
1084;1087;0;0.03468;0;0,1;315;1
1084;1088;0;0.04558;0;0,05;680;1
1084;1089;0;0.0977;0;0,1;270;1
1096;1085;0;0.07051;0;0,15;255;1
1097;1086;0;0.07617;0;0,09;320;1
1090;1087;0;0.03779;0;0,14;185;1
1091;1088;0;0.03628;0;0,07;375;1
1088;1122;0;0.04564;0;0,09;1445;1
1089;1102;0;0.04296;0;0,14;820;1
1102;1090;0;0.11093;0;0,11;565;1
1091;1096;0;0.015;0;0,06;185;1
1097;1092;0;0.07035;0;0,14;185;1
1092;1101;0;0.06958;0;0,11;325;1
1093;1107;0;0.12257;0;0,14;325;1
1094;1106;0;0.10878;0;0,05;205;1
1098;1095;0;0.11757;0;0,1;185;1
1102;1095;0;0.18826;0;0,13;290;1
1098;1096;0;0.0615;0;0,11;185;1
1096;1107;0;0.03604;0;0,11;1205;1
1101;1097;0;0.05921;0;0,15;480;1
1098;1099;0;0.0733;0;0,15;185;1
1098;1100;0;0.02293;0;0,12;315;1
1098;1112;0;0.16071;0;0,13;300;1
1099;1102;0;0.19951;0;0,15;280;1
1100;1107;0;0.05739;0;0,05;525;1
1101;1104;0;0.09454;0;0,13;185;1
1101;1106;0;0.08541;0;0,09;235;1
1103;1102;0;0.13755;0;0,1;350;1
1105;1102;0;0.1369;0;0,08;290;1
1102;1110;0;0.04204;0;0,08;500;1
1106;1103;0;0.03358;0;0,12;185;1
1125;1104;0;0.13487;0;0,11;255;1
1106;1105;0;0.02087;0;0,09;680;1
1105;1121;0;0.04967;0;0,07;775;1
1106;1117;0;0.02773;0;0,11;185;1
1107;1109;0;0.02707;0;0,14;505;1
1107;1114;0;0.02545;0;0,14;330;1
1107;1116;0;0.04273;0;0,1;280;1
1107;1120;0;0.02202;0;0,11;270;1
1118;1108;0;0.04722;0;0,06;270;1
1114;1109;0;0.06099;0;0,1;185;1
1109;1115;0;0.08352;0;0,09;395;1
1110;1111;0;0.05026;0;0,11;300;1
1110;1113;0;0.04152;0;0,07;185;1
1111;1112;0;0.04869;0;0,1;185;1
1112;1113;0;0.03558;0;0,12;300;1
1119;1112;0;0.05768;0;0,15;185;1
1122;1112;0;0.07254;0;0,11;375;1
1113;1122;0;0.02528;0;0,14;700;1
1131;1114;0;0.09951;0;0,15;215;1
1115;1118;0;0.07378;0;0,11;705;1
1115;1128;0;0.08304;0;0,13;550;1
1117;1126;0;0.03683;0;0,13;350;1
1118;1124;0;0.12114;0;0,11;280;1
1122;1119;0;0.08539;0;0,07;360;1
1139;1120;0;0.03159;0;0,13;525;1
1121;1129;0;0.01842;0;0,05;890;1
1121;1130;0;0.01642;0;0,07;260;1
1129;1122;0;0.02172;0;0,1;875;1
1122;1133;0;0.0104;0;0,12;965;1
1122;1133;0;0.07465;0;0,14;185;1
1123;1125;0;0.05242;0;0,14;185;1
1126;1123;0;0.0327;0;0,1;205;1
1125;1141;0;0.09918;0;0,1;475;1
1141;1126;0;0.06514;0;0,08;675;1
1131;1127;0;0.03645;0;0,14;260;1
1128;1134;0;0.05918;0;0,14;195;1
1130;1129;0;0.06423;0;0,11;265;1
1129;1133;0;0.02487;0;0,07;325;1
1129;1133;0;0.03018;0;0,1;275;1
1130;1132;0;0.03909;0;0,08;185;1
1130;1149;0;0.04979;0;0,13;325;1
1133;1131;0;0.14696;0;0,09;185;1
1131;1135;0;0.0552;0;0,12;185;1
1139;1131;0;0.04274;0;0,09;340;1
1140;1131;0;0.10069;0;0,1;305;1
1132;1141;0;0.03987;0;0,1;185;1
1133;1136;0;0.01312;0;0,15;185;1
1140;1133;0;0.06855;0;0,1;185;1
1142;1133;0;0.01005;0;0,14;185;1
1149;1133;0;0.05123;0;0,12;185;1
1135;1134;0;0.08942;0;0,15;185;1
1134;1139;0;0.01512;0;0,13;915;1
1134;1147;0;0.10288;0;0,11;430;1
1136;1138;0;0.02439;0;0,14;300;1
1144;1137;0;0.06167;0;0,13;265;1
1146;1138;0;0.05909;0;0,13;525;1
1139;1143;0;0.01494;0;0,06;185;1
1139;1152;0;0.03067;0;0,09;305;1
1139;1158;0;0.01808;0;0,13;400;1
1140;1153;0;0.06265;0;0,13;350;1
1140;1160;0;0.1099;0;0,1;300;1
1141;1144;0;0.06251;0;0,1;375;1
1141;1148;0;0.04982;0;0,13;350;1
1157;1142;0;0.01835;0;0,09;760;1
1142;1158;0;0.04271;0;0,11;375;1
1145;1143;0;0.03524;0;0,1;295;1
1155;1143;0;0.04959;0;0,11;330;1
1144;1151;0;0.07125;0;0,14;185;1
1144;1156;0;0.02916;0;0,05;185;1
1145;1153;0;0.0322;0;0,07;650;1
1145;1155;0;0.03089;0;0,11;185;1
1146;1150;0;0.03333;0;0,13;300;1
1159;1146;0;0.08188;0;0,11;275;1
1146;1162;0;0.02797;0;0,11;325;1
1148;1156;0;0.06488;0;0,13;185;1
1151;1149;0;0.11909;0;0,12;300;1
1149;1159;0;0.03683;0;0,12;525;1
1149;1165;0;0.04626;0;0,09;625;1
1150;1160;0;0.05089;0;0,15;185;1
1158;1152;0;0.0188;0;0,1;185;1
1152;1163;0;0.01374;0;0,1;305;1
1160;1153;0;0.01525;0;0,11;350;1
1164;1155;0;0.01867;0;0,07;855;1
1165;1157;0;0.00759;0;0,08;1065;1
1158;1163;0;0.0303;0;0,08;215;1
1160;1161;0;0.05021;0;0,05;335;1
1164;1160;0;0.0179;0;0,12;400;1
1160;1166;0;0.01744;0;0,1;775;1
1160;1166;0;0.01519;0;0,08;880;1
1160;1167;0;0.04015;0;0,14;185;1
1169;1160;0;0.0376;0;0,1;850;1
1162;1165;0;0.01778;0;0,12;1280;1
1196;1163;0;0.01941;0;0,14;540;1
1165;1168;0;0.02524;0;0,06;185;1
1167;1168;0;0.05338;0;0,11;245;1
1172;1170;0;0.03621;0;0,13;325;1
1170;1505;0;0.05;0;0,12;400;1
1173;1171;0;0.01531;0;0,07;185;1
1174;1172;0;0.01683;0;0,09;255;1
1173;1174;0;0.01703;0;0,09;185;1
1174;1173;0;0.01384;0;0,05;185;1
1174;1175;0;0.09866;0;0,13;225;1
1175;1174;0;0.03461;0;0,14;500;1
1174;1176;0;0.12495;0;0,09;185;1
1176;1174;0;0.12396;0;0,06;185;1
1177;1174;0;0.06968;0;0,09;185;1
1180;1174;0;0.1357;0;0,08;190;1
1178;1176;0;0.09322;0;0,1;185;1
1178;1176;0;0.09662;0;0,1;185;1
1180;1176;0;0.09627;0;0,15;375;1
1178;1177;0;0.02114;0;0,06;195;1
1177;1181;0;0.01581;0;0,1;185;1
1214;1177;0;0.03114;0;0,11;345;1
1178;1179;0;0.02453;0;0,14;425;1
1184;1179;0;0.0151;0;0,07;1450;1
1180;1192;0;0.11475;0;0,12;185;1
1185;1181;0;0.02118;0;0,1;660;1
1181;1186;0;0.0586;0;0,13;230;1
1182;1183;0;0.06839;0;0,12;600;1
1182;1187;0;0.02536;0;0,08;185;1
1191;1182;0;0.0349;0;0,15;310;1
1218;1182;0;0.01269;0;0,14;275;1
1183;1184;0;0.08471;0;0,11;300;1
1184;1185;0;0.02963;0;0,11;625;1
1184;1188;0;0.02868;0;0,1;400;1
1187;1185;0;0.02844;0;0,13;185;1
1185;1190;0;0.03018;0;0,11;450;1
1189;1186;0;0.03757;0;0,13;310;1
1186;1437;0;0.01575;0;0,1;185;1
1187;1190;0;0.04433;0;0,15;300;1
1187;1191;0;0.02985;0;0,15;230;1
1190;1189;0;0.0508;0;0,06;550;1
1189;1389;0;0.01697;0;0,08;340;1
1189;1436;0;0.04363;0;0,12;185;1
1190;1194;0;0.03523;0;0,13;450;1
1190;1227;0;0.06787;0;0,12;375;1
1191;1194;0;0.03874;0;0,09;185;1
1191;1241;0;0.0179;0;0,13;275;1
1196;1195;0;0.03589;0;0,13;185;1
1195;1200;0;0.02895;0;0,1;300;1
1196;1198;0;0.02949;0;0,06;185;1
1196;1200;0;0.03613;0;0,1;185;1
1196;1204;0;0.01963;0;0,09;255;1
1207;1196;0;0.25876;0;0,11;185;1
1203;1197;0;0.02657;0;0,1;190;1
1198;1202;0;0.04438;0;0,14;300;1
1202;1199;0;0.01707;0;0,14;330;1
1205;1200;0;0.04322;0;0,15;325;1
1200;1244;0;0.00001;0;0,15;185;1
1201;1203;0;0.00404;0;0,13;625;1
1201;1208;0;0.03999;0;0,14;185;1
1202;1203;0;0.0094;0;0,11;210;1
1203;1207;0;0.07565;0;0,09;235;1
1203;1209;0;0.0792;0;0,12;375;1
1203;1211;0;0.03937;0;0,15;375;1
1210;1205;0;0.03831;0;0,13;185;1
1206;1209;0;0.08657;0;0,15;235;1
1208;1215;0;0.012;0;0,11;300;1
1215;1209;0;0.0868;0;0,13;300;1
1214;1210;0;0.05117;0;0,05;185;1
1213;1211;0;0.02165;0;0,15;260;1
1212;1215;0;0.03517;0;0,09;200;1
1213;1214;0;0.01019;0;0,11;775;1
1213;1214;0;0.01627;0;0,13;500;1
1213;1215;0;0.02746;0;0,13;1095;1
1215;1217;0;0.02053;0;0,06;500;1
1216;1217;0;0.0077;0;0,14;265;1
1217;1218;0;0.02071;0;0,11;475;1
1221;1219;0;0.02922;0;0,15;350;1
1219;1224;0;0.02935;0;0,13;310;1
1221;1220;0;0.07364;0;0,06;220;1
1220;1241;0;0.10755;0;0,09;195;1
1221;1223;0;0.01963;0;0,11;185;1
1221;1223;0;0.06581;0;0,08;185;1
1222;1223;0;0.0089;0;0,05;185;1
1226;1223;0;0.07069;0;0,15;185;1
1226;1223;0;0.01783;0;0,13;425;1
1224;1229;0;0.00753;0;0,13;320;1
1233;1226;0;0.09765;0;0,08;185;1
1226;1233;0;0.02881;0;0,12;285;1
1229;1227;0;0.09387;0;0,08;185;1
1227;1230;0;0.00001;0;0,11;185;1
1228;1232;0;0.03975;0;0,09;205;1
1228;1235;0;0.14769;0;0,1;185;1
1241;1228;0;0.0335;0;0,09;185;1
1228;1369;0;0.14091;0;0,14;185;1
1233;1229;0;0.04506;0;0,13;185;1
1241;1229;0;0.02799;0;0,14;185;1
1230;1355;0;0.0126;0;0,1;300;1
1230;1387;0;0.04363;0;0,15;225;1
1232;1231;0;0.02251;0;0,1;225;1
1231;1369;0;0.07045;0;0,12;185;1
1234;1233;0;0.04399;0;0,11;185;1
1236;1233;0;0.07857;0;0,12;185;1
1233;1237;0;0.05974;0;0,15;330;1
1235;1236;0;0.0305;0;0,1;185;1
1235;1239;0;0.23612;0;0,14;185;1
1237;1239;0;0.04945;0;0,09;230;1
1239;1238;0;0.01779;0;0,13;535;1
1240;1239;0;0.03121;0;0,12;185;1
1239;1242;0;0.04494;0;0,14;185;1
1239;1254;0;0.06011;0;0,13;185;1
1239;1352;0;0.05575;0;0,06;185;1
1240;1242;0;0.09671;0;0,1;185;1
1254;1242;0;0.14458;0;0,09;185;1
1242;1352;0;0.11209;0;0,11;185;1
1257;1259;0;0.00388;0;0,15;325;1
1257;1259;0;0.00339;0;0,14;300;1
1260;1258;0;0.00339;0;0,13;185;1
1258;1262;0;0.01648;0;0,1;185;1
1259;1260;0;0.00291;0;0,13;300;1
1259;1261;0;0.01406;0;0,15;185;1
1260;1261;0;0.0096;0;0,13;185;1
1262;1261;0;0.00824;0;0,12;185;1
1261;1267;0;0.02957;0;0,1;185;1
1261;1267;0;0.02957;0;0,12;185;1
1265;1262;0;0.01842;0;0,05;185;1
1262;1266;0;0.01503;0;0,05;200;1
1265;1312;0;0.03514;0;0,1;220;1
1266;1268;0;0.01018;0;0,05;185;1
1267;1269;0;0.01939;0;0,06;185;1
1267;1270;0;0.02181;0;0,05;185;1
1268;1269;0;0.01697;0;0,13;185;1
1312;1268;0;0.03636;0;0,13;185;1
1269;1270;0;0.01163;0;0,14;185;1
1269;1271;0;0.00679;0;0,13;650;1
1277;1269;0;0.03636;0;0,13;185;1
1270;1272;0;0.01551;0;0,11;1125;1
1271;1272;0;0.01891;0;0,11;710;1
1271;1314;0;0.00533;0;0,06;195;1
1272;1273;0;0.00291;0;0,14;1140;1
1281;1272;0;0.05454;0;0,05;200;1
1272;1285;0;0.07756;0;0,11;400;1
1313;1272;0;0.00533;0;0,07;185;1
1273;1274;0;0.01697;0;0,11;700;1
1274;1275;0;0.01794;0;0,14;475;1
1280;1281;0;0.03636;0;0,15;200;1
1280;1283;0;0.0509;0;0,06;200;1
1280;1314;0;0.00848;0;0,07;185;1
1281;1283;0;0.02666;0;0,13;185;1
1282;1288;0;0.04727;0;0,13;375;1
1283;1284;0;0.00606;0;0,08;185;1
1373;1284;0;0.02909;0;0,07;185;1
1285;1288;0;0.0097;0;0,12;375;1
1287;1286;0;0.01575;0;0,13;200;1
1288;1286;0;0.03999;0;0,11;185;1
1342;1286;0;0.00364;0;0,06;310;1
1342;1286;0;0.00364;0;0,14;325;1
1287;1289;0;0.07514;0;0,14;330;1
1323;1287;0;0.01922;0;0,11;225;1
1287;1328;0;0.15372;0;0,11;185;1
1287;1328;0;0.15372;0;0,12;185;1
1288;1295;0;0.00582;0;0,09;185;1
1290;1289;0;0.02242;0;0,11;185;1
1341;1289;0;0.07045;0;0,12;185;1
1290;1291;0;0.0509;0;0,14;330;1
1290;1300;0;0.18895;0;0,15;185;1
1290;1328;0;0.02562;0;0,09;200;1
1290;1328;0;0.02562;0;0,07;200;1
1329;1290;0;0.03523;0;0,13;425;1
1332;1290;0;0.19215;0;0,13;245;1
1290;1333;0;0.04484;0;0,06;260;1
1290;1334;0;0.09928;0;0,15;300;1
1291;1299;0;0.04242;0;0,15;185;1
1293;1292;0;0.03514;0;0,13;205;1
1294;1293;0;0.00606;0;0,13;205;1
1293;1297;0;0.0303;0;0,07;185;1
1315;1293;0;0.11529;0;0,14;260;1
1317;1293;0;0.07045;0;0,05;265;1
1319;1293;0;0.01601;0;0,1;185;1
1293;1322;0;0.03843;0;0,11;215;1
1295;1294;0;0.01212;0;0,09;185;1
1295;1296;0;0.05454;0;0,11;195;1
1295;1296;0;0.02181;0;0,14;350;1
1375;1295;0;0.04969;0;0,12;275;1
1297;1296;0;3151;0;0,12;185;1
1297;1296;0;0.0126;0;0,07;600;1
1297;1296;0;0.16012;0;0,1;185;1
1339;1296;0;0.05124;0;0,11;200;1
1416;1296;0;0.01697;0;0,12;325;1
1297;1298;0;0.04727;0;0,11;185;1
1297;1332;0;0.09607;0;0,12;190;1
1297;1338;0;0.04484;0;0,1;325;1
1339;1297;0;0.08326;0;0,1;185;1
1298;1299;0;0.07514;0;0,1;185;1
1299;1300;0;0.00606;0;0,12;185;1
1299;1300;0;0.00606;0;0,07;185;1
1300;1335;0;0.02242;0;0,1;325;1
1300;1335;0;0.02242;0;0,13;320;1
1336;1300;0;0.03843;0;0,12;275;1
1300;1427;0;0.05045;0;0,14;185;1
1307;1308;0;0.00268;0;0,11;185;1
1348;1307;0;0.05444;0;0,13;185;1
1308;1309;0;0.00268;0;0,09;185;1
1309;1390;0;0.06725;0;0,05;190;1
1311;1310;0;0.08006;0;0,14;185;1
1411;1310;0;0.06085;0;0,05;185;1
1411;1310;0;0.06085;0;0,12;185;1
1312;1513;0;0.00001;0;0,14;350;1
1315;1316;0;0.03843;0;0,09;475;1
1315;1317;0;0.03843;0;0,12;255;1
1316;1318;0;0.07686;0;0,11;185;1
1318;1320;0;0.03202;0;0,07;185;1
1320;1321;0;0.08326;0;0,15;300;1
1320;1323;0;0.14091;0;0,07;295;1
1323;1324;0;0.02242;0;0,06;185;1
1323;1325;0;0.02882;0;0,07;190;1
1323;1330;0;0.11209;0;0,06;185;1
1323;1331;0;0.13771;0;0,12;185;1
1325;1326;0;0.03523;0;0,13;185;1
1325;1327;0;0.04163;0;0,1;185;1
1331;1332;0;0.03843;0;0,11;185;1
1332;1336;0;0.10888;0;0,11;185;1
1332;1337;0;0.08326;0;0,15;220;1
1343;1344;0;0.03514;0;0,13;185;1
1350;1343;0;0.03636;0;0,07;280;1
1344;1345;0;0.02545;0;0,11;190;1
1344;1373;0;0.04727;0;0,11;250;1
1346;1345;0;0.03843;0;0,13;185;1
1346;1345;0;0.03843;0;0,05;185;1
1345;1349;0;0.03523;0;0,11;185;1
1345;1397;0;0.10568;0;0,07;185;1
1345;1398;0;0.09928;0;0,15;185;1
1370;1346;0;0.08967;0;0,06;185;1
1347;1348;0;0.03843;0;0,07;215;1
1350;1347;0;0.04804;0;0,09;185;1
1348;1349;0;0.04804;0;0,05;185;1
1350;1351;0;0.01697;0;0,1;325;1
1350;1352;0;0.08967;0;0,15;185;1
1350;1352;0;0.08967;0;0,07;185;1
1357;1350;0;0.01922;0;0,14;185;1
1357;1350;0;0.01922;0;0,12;185;1
1352;1351;0;0.02424;0;0,07;275;1
1352;1353;0;0.02909;0;0,08;525;1
1359;1352;0;0.03202;0;0,1;185;1
1359;1352;0;0.03202;0;0,09;185;1
1352;1360;0;0.04163;0;0,15;325;1
1361;1352;0;0.06085;0;0,14;185;1
1352;1362;0;0.06725;0;0,15;185;1
1353;1354;0;0.0303;0;0,15;185;1
1353;1370;0;0.00727;0;0,11;185;1
1354;1355;0;0.02181;0;0,13;265;1
1356;1354;0;0.0509;0;0,15;500;1
1354;1364;0;0.07366;0;0,12;255;1
1365;1354;0;0.06725;0;0,13;255;1
1366;1354;0;0.01601;0;0,13;190;1
1366;1354;0;0.01601;0;0,1;185;1
1354;1371;0;0.26901;0;0,1;185;1
1355;1387;0;0.03151;0;0,14;185;1
1359;1358;0;0.00698;0;0,05;185;1
1359;1358;0;0.04163;0;0,09;185;1
1360;1364;0;0.07366;0;0,11;290;1
1361;1362;0;0.00961;0;0,05;185;1
1363;1362;0;0.00961;0;0,12;185;1
1363;1362;0;0.00961;0;0,14;185;1
1362;1364;0;0.04804;0;0,09;185;1
1368;1362;0;0.07686;0;0,12;190;1
1365;1364;0;0.00641;0;0,07;300;1
1369;1364;0;0.18254;0;0,13;185;1
1366;1367;0;0.06085;0;0,14;185;1
1366;1508;0;0.09928;0;0,13;185;1
1508;1367;0;0.05124;0;0,07;185;1
1369;1368;0;0.11849;0;0,11;185;1
1369;1372;0;0.08006;0;0,12;185;1
1371;1397;0;0.06725;0;0,06;185;1
1373;1374;0;0.00727;0;0,07;185;1
1373;1374;0;0.00727;0;0,12;185;1
1373;1375;0;0.05332;0;0,12;185;1
1391;1373;0;0.03202;0;0,15;185;1
1391;1373;0;0.03202;0;0,12;185;1
1373;1392;0;0.03202;0;0,14;185;1
1373;1411;0;0.01121;0;0,07;185;1
1411;1373;0;0.01121;0;0,14;185;1
1375;1376;0;0.03757;0;0,07;330;1
1378;1375;0;0.03636;0;0,13;185;1
1379;1375;0;0.04848;0;0,14;185;1
1393;1375;0;0.06405;0;0,1;185;1
1375;1396;0;0.06085;0;0,12;185;1
1376;1377;0;0.02424;0;0,06;400;1
1377;1383;0;0.06423;0;0,1;235;1
1377;1412;0;0.00606;0;0,12;330;1
1380;1379;0;0.03999;0;0,05;215;1
1380;1381;0;0.02181;0;0,1;185;1
1385;1380;0;0.02882;0;0,06;185;1
1386;1380;0;0.00848;0;0,13;315;1
1386;1380;0;0.00848;0;0,15;320;1
1380;1388;0;0.01234;0;0,07;450;1
1380;1398;0;0.08647;0;0,06;185;1
1380;1403;0;0.01601;0;0,11;185;1
1380;1404;0;0.04804;0;0,14;185;1
1380;1405;0;0.04804;0;0,12;185;1
1381;1382;0;0.02882;0;0,05;185;1
1383;1381;0;0.0303;0;0,1;300;1
1381;1384;0;0.00606;0;0,11;185;1
1405;1381;0;0.01601;0;0,11;185;1
1405;1381;0;0.01601;0;0,11;185;1
1381;1408;0;0.01922;0;0,12;185;1
1383;1382;0;0.01939;0;0,12;400;1
1382;1384;0;0.00606;0;0,14;185;1
1382;1407;0;0.05765;0;0,14;200;1
1385;1386;0;0.01212;0;0,11;305;1
1386;1385;0;0.01212;0;0,11;305;1
1387;1386;0;0.0303;0;0,11;220;1
1388;1386;0;0.02181;0;0,06;205;1
1388;1386;0;0.02181;0;0,08;210;1
1387;1402;0;0.11849;0;0,1;185;1
1406;1387;0;0.04163;0;0,07;185;1
1389;1388;0;0.04242;0;0,06;400;1
1388;1406;0;0.03843;0;0,1;185;1
1388;1407;0;0.05765;0;0,11;185;1
1390;1391;0;0.01601;0;0,13;185;1
1392;1393;0;0.01664;0;0,06;185;1
1393;1394;0;0.07045;0;0,14;195;1
1394;1395;0;0.02882;0;0,08;185;1
1397;1394;0;0.05124;0;0,15;225;1
1397;1395;0;0.02882;0;0,14;285;1
1398;1397;0;0.03843;0;0,08;185;1
1398;1400;0;0.57645;0;0,13;185;1
1398;1401;0;0.03202;0;0,13;290;1
1402;1398;0;0.05765;0;0,11;185;1
1405;1398;0;0.16012;0;0,12;185;1
1409;1398;0;0.01922;0;0,06;185;1
1410;1398;0;0.03843;0;0,06;500;1
1403;1401;0;0.03843;0;0,09;185;1
1412;1413;0;0.03636;0;0,14;300;1
1412;1417;0;0.06787;0;0,05;185;1
1412;1445;0;0.11209;0;0,1;295;1
1412;1446;0;0.08062;0;0,05;185;1
1412;1447;0;0.00961;0;0,12;185;1
1412;1448;0;0.17934;0;0,15;185;1
1414;1413;0;0.00364;0;0,12;525;1
1414;1413;0;0.00364;0;0,13;540;1
1413;1416;0;0.03272;0;0,14;260;1
1413;1419;0;0.09816;0;0,09;255;1
1413;1453;0;0.00961;0;0,09;335;1
1413;1454;0;0.04804;0;0,12;185;1
1415;1416;0;0.00145;0;0,09;185;1
1415;1416;0;0.00145;0;0,14;185;1
1416;1417;0;0.02909;0;0,15;185;1
1416;1433;0;0.04727;0;0,13;300;1
1416;1434;0;0.09695;0;0,07;330;1
1417;1418;0;0.01212;0;0,1;525;1
1417;1420;0;0.06423;0;0,14;320;1
1455;1417;0;0.06085;0;0,11;195;1
1456;1417;0;0.07365;0;0,12;245;1
1417;1457;0;0.03523;0;0,13;185;1
1419;1420;0;0.00364;0;0,12;325;1
1421;1419;0;0.03151;0;0,11;295;1
1420;1422;0;0.03272;0;0,07;325;1
1420;1425;0;0.06302;0;0,1;290;1
1420;1460;0;0.02562;0;0,11;185;1
1420;1461;0;0.05765;0;0,08;185;1
1420;1462;0;0.01922;0;0,05;210;1
1431;1421;0;0.03514;0;0,14;185;1
1421;1462;0;0.12169;0;0,07;185;1
1421;1463;0;0.00961;0;0,11;290;1
1465;1421;0;0.07045;0;0,1;215;1
1422;1424;0;0.02303;0;0,05;400;1
1424;1423;0;0.03757;0;0,15;350;1
1426;1423;0;0.0509;0;0,06;185;1
1425;1424;0;0.02303;0;0,15;275;1
1425;1424;0;0.02303;0;0,13;275;1
1424;1444;0;0.00606;0;0,11;185;1
1428;1425;0;0.02909;0;0,06;275;1
1427;1426;0;0.02424;0;0,1;185;1
1428;1427;0;0.00606;0;0,11;475;1
1429;1427;0;0.00776;0;0,13;375;1
1427;1512;0;0.00001;0;0,05;185;1
1429;1428;0;0.01575;0;0,13;350;1
1443;1428;0;0.01601;0;0,09;185;1
1443;1428;0;0.00606;0;0,1;300;1
1443;1428;0;0.01601;0;0,09;185;1
1443;1428;0;0.01601;0;0,11;185;1
1430;1429;0;0.04848;0;0,13;565;1
1432;1430;0;0.05211;0;0,1;300;1
1480;1430;0;0.17293;0;0,15;220;1
1430;1482;0;0.00961;0;0,1;185;1
1430;1483;0;0.20496;0;0,06;215;1
1430;1484;0;0.36508;0;0,1;350;1
1430;1487;0;0.05444;0;0,11;805;1
1430;1488;0;0.09607;0;0,11;275;1
1499;1430;0;0.10248;0;0,05;185;1
1432;1431;0;0.00242;0;0,08;200;1
1433;1432;0;0.04763;0;0,14;755;1
1432;1434;0;0.0509;0;0,08;185;1
1465;1433;0;0.1345;0;0,1;230;1
1467;1433;0;0.01601;0;0,12;185;1
1468;1433;0;0.04484;0;0,1;550;1
1470;1433;0;0.05124;0;0,07;880;1
1434;1435;0;0.04727;0;0,11;185;1
1434;1442;0;0.03151;0;0,12;400;1
1434;1479;0;0.06405;0;0,1;185;1
1436;1435;0;0.04969;0;0,07;400;1
1450;1435;0;0.13771;0;0,15;205;1
1435;1473;0;0.01281;0;0,06;350;1
1435;1474;0;0.01281;0;0,08;450;1
1435;1476;0;0.07366;0;0,13;185;1
1437;1436;0;0.01697;0;0,09;475;1
1450;1436;0;0.11529;0;0,1;185;1
1472;1436;0;0.08967;0;0,1;185;1
1438;1437;0;0.02909;0;0,13;215;1
1439;1438;0;0.05696;0;0,11;185;1
1439;1440;0;0.04727;0;0,1;190;1
1439;1497;0;0.06405;0;0,1;185;1
1498;1439;0;0.03523;0;0,13;185;1
1439;1500;0;0.05211;0;0,11;315;1
1440;1441;0;0.00242;0;0,07;185;1
1440;1442;0;0.01697;0;0,14;310;1
1442;1491;0;0.01281;0;0,13;185;1
1442;1491;0;0.01281;0;0,11;185;1
1442;1493;0;0.08647;0;0,1;185;1
1497;1442;0;0.16973;0;0,07;185;1
1481;1443;0;0.02562;0;0,08;275;1
1448;1449;0;0.05765;0;0,12;185;1
1450;1448;0;0.17293;0;0,09;185;1
1472;1450;0;0.00805;0;0,06;185;1
1451;1452;0;0.02882;0;0,13;325;1
1473;1451;0;0.00483;0;0,1;325;1
1452;1453;0;0.03523;0;0,14;275;1
1454;1455;0;0.06725;0;0,15;185;1
1455;1456;0;0.02562;0;0,12;260;1
1455;1458;0;0.10568;0;0,06;275;1
1458;1459;0;0.09607;0;0,07;185;1
1459;1460;0;0.15372;0;0,05;185;1
1463;1464;0;0.06725;0;0,14;250;1
1466;1465;0;0.01601;0;0,11;185;1
1466;1465;0;0.01601;0;0,06;185;1
1468;1469;0;0.00641;0;0,09;550;1
1469;1470;0;0.03202;0;0,14;555;1
1471;1470;0;0.01922;0;0,07;550;1
1473;1474;0;0.01281;0;0,12;185;1
1475;1474;0;0.03523;0;0,07;525;1
1476;1477;0;0.03843;0;0,15;490;1
1476;1478;0;0.04163;0;0,08;185;1
1493;1476;0;0.06725;0;0,12;300;1
1480;1481;0;0.00641;0;0,14;250;1
1485;1484;0;0.1345;0;0,1;185;1
1485;1486;0;0.11209;0;0,14;450;1
1486;1487;0;0.06085;0;0,09;650;1
1489;1488;0;0.08647;0;0,12;245;1
1490;1489;0;0.07686;0;0,15;190;1
1491;1490;0;0.03523;0;0,14;185;1
1493;1492;0;0.08967;0;0,15;185;1
1493;1494;0;0.04163;0;0,08;225;1
1493;1495;0;0.06405;0;0,12;270;1
1496;1495;0;0.02562;0;0,13;185;1
1495;1497;0;0.03202;0;0,13;185;1
