index;baseKv;Vm;Va;Pd;Qd;Pg;Qg;type
1;380;1;-68.99;0;0;0;0;3
2;380;1;-71.3;1630;0;750;0;2
3;380;1;-39.31;72.74;0;0;0;1
4;380;1;-39.34;0;0;329.85;0;2
5;380;1;-35.64;0;0;1140;0;2
6;380;1;-68.89;1697.75;0;0;0;1
7;380;1;-54.5;0;0;750;0;2
8;380;1;-49.08;0;0;597.68;0;2
9;380;1;-59.93;146.86;0;0;0;1
10;380;1;-78.61;359.58;0;0;0;1
11;380;1;-66.08;116.66;0;0;0;1
12;380;1;-76.05;146.86;0;0;0;1
13;380;1;-67.66;219.59;0;0;0;1
14;380;1;-56.87;0;0;910.81;0;2
15;380;1;-69.34;639.57;0;0;0;1
16;380;1;-71.58;146.86;0;0;0;1
17;380;1;-69.36;426.84;0;0;0;1
18;380;1;-51.81;400;0;0;0;1
19;380;1;-44.25;0;0;1267.63;0;2
20;380;1;-61.75;1342.27;0;0;0;1
21;380;1;-59.63;764.46;0;0;0;1
22;380;1;-64.1;214;0;0;0;1
23;380;1;-39.85;0;0;1924.01;0;2
24;380;1;-34.47;0;0;741;0;2
25;380;1;-71.37;497.97;0;0;0;1
26;380;1;-23.86;688.55;0;0;0;1
27;380;1;-68.54;0;0;201.14;0;2
28;380;1;-16.49;0;0;1445.03;0;2
29;380;1;-77.77;0;0;664.33;0;2
30;380;1;-38.95;689.56;0;0;0;1
31;380;1;-27.31;0;0;534.08;0;2
32;380;1;-26.64;0;0;529.31;0;2
33;380;1;-25.68;0;0;148.21;0;2
34;380;1;-92.52;497.97;0;0;0;1
35;380;1;-41.92;203;0;0;0;1
36;380;1;-105.93;496.01;0;0;0;1
37;380;1;-47.72;321.24;0;0;0;1
38;380;1;-42.59;223.47;0;0;0;1
39;380;1;-39.09;0;0;1350;0;2
40;380;1;-107.89;497.97;0;0;0;1
41;380;1;-52.24;321.24;0;0;0;1
42;380;1;-39.22;0;0;473.21;0;2
43;380;1;-44.4;123;0;0;0;1
44;380;1;-119.39;496.01;0;0;0;1
45;380;1;-48.48;123.65;0;0;0;1
46;380;1;-71.87;0;0;402.28;0;2
47;380;1;-44.11;132.26;0;0;0;1
48;380;1;-52.1;321.59;0;0;0;1
49;380;1;-46.58;232;0;0;0;1
50;380;1;-17.42;0;0;849.02;0;2
51;380;1;-34.56;0;0;677.97;0;2
52;380;1;-44.22;0;0;204.32;0;2
53;380;1;-39.33;0;0;980.76;0;2
54;380;1;-35.07;0;0;949.63;0;2
55;380;1;-80.66;497.97;0;0;0;1
56;380;1;-47.73;132.24;0;0;0;1
57;380;1;-45.57;222.46;0;0;0;1
58;380;1;-53.06;321.59;0;0;0;1
59;380;1;-51.4;322.25;0;0;0;1
60;380;1;-53.26;121.63;0;0;0;1
61;380;1;-58.48;0;0;148.21;0;2
62;380;1;-56.19;322.25;0;0;0;1
63;380;1;-46.76;132.24;0;0;0;1
64;380;1;-44.48;0;0;515;0;2
65;380;1;-40.45;220.63;0;0;0;1
66;380;1;3.21;223.47;0;0;0;1
67;380;1;-50.73;85.83;0;0;0;1
68;380;1;-45.6;0;0;97.93;0;2
69;380;1;-48.31;132.24;0;0;0;1
70;380;1;-45.34;132.26;0;0;0;1
71;380;1;-55.8;0;0;129.56;0;2
72;380;1;30.4;0;0;582.27;0;2
73;380;1;-47.58;132.24;0;0;0;1
74;380;1;-73.71;498;0;0;0;1
75;380;1;5.74;0;0;736.07;0;2
76;380;1;-49.5;0;0;264.66;0;2
77;380;1;-31.82;221.64;0;0;0;1
78;380;1;8.72;0;0;92.63;0;2
79;380;1;-64.91;400;0;95.28;0;2
80;380;1;-53.47;0;0;497.56;0;2
81;380;1;14.23;0;0;95.28;0;2
82;380;1;-37.34;220.63;0;0;0;1
83;380;1;20.76;0;0;130.77;0;2
84;380;1;11.78;0;0;95.28;0;2
85;380;1;-44.26;85.83;0;0;0;1
86;380;1;5.67;222.46;0;0;0;1
87;380;1;-54.49;0;0;66.17;0;2
88;380;1;-52.72;132.26;0;0;0;1
89;380;1;-37.81;85.83;0;0;0;1
90;380;1;17.49;0;0;463.16;0;2
91;380;1;-51.57;0;0;68.81;0;2
92;380;1;-57.25;132.24;0;0;0;1
93;380;1;8.52;223.47;0;0;0;1
94;380;1;-31.65;85.83;0;0;0;1
95;380;1;-52.34;132.24;0;0;0;1
96;380;1;3.98;255.79;0;0;0;1
97;380;1;-24.58;0;0;1588.27;0;2
98;380;1;-48.84;0;0;150.86;0;2
99;380;1;-54.64;132.24;0;0;0;1
100;380;1;-35.76;655;0;0;0;1
101;380;1;-3.89;0;0;588.4;0;2
102;380;1;-56.49;142;0;0;0;1
103;380;1;10.73;188.91;0;0;0;1
104;380;1;-47.07;187.9;0;0;0;1
105;380;1;-53.28;132.24;0;0;0;1
106;380;1;2.88;224.48;0;0;0;1
107;380;1;-7.65;187.9;0;0;0;1
108;380;1;-37.12;187.9;0;0;0;1
109;380;1;-59.42;132.26;0;0;0;1
110;380;1;-52.15;142;0;0;0;1
111;380;1;-2.41;233.5;0;0;0;1
112;380;1;-59.08;132.26;0;0;0;1
113;380;1;-55.96;132.24;0;0;0;1
114;380;1;-51.74;0;0;206.43;0;2
115;380;1;6.41;244.7;0;0;0;1
116;380;1;-57.78;132.26;0;0;0;1
117;380;1;-5.2;223.47;0;0;0;1
118;380;1;6.69;222.46;0;0;0;1
119;380;1;-12;188.91;0;0;0;1
120;380;1;-51.89;198;0;0;0;1
121;380;1;-8.72;187.9;0;0;0;1
122;380;1;5.2;224.48;0;0;0;1
123;380;1;-26.64;142;0;0;0;1
124;380;1;-15.05;223.47;0;0;0;1
125;380;1;-58.88;132.26;0;0;0;1
126;380;1;11.67;0;0;423.45;0;2
127;380;1;-49.48;0;0;476.38;0;2
128;380;1;10.87;0;0;1058.63;0;2
129;380;1;6.62;222.46;0;0;0;1
130;380;1;0;223.47;0;0;0;1
131;380;1;2.85;188.91;0;0;0;1
132;380;1;16.96;0;0;919.23;0;2
133;380;1;-49.23;0;0;349.35;0;2
134;380;1;6.78;223.47;0;0;0;1
135;380;1;-54.14;132.26;0;0;0;1
136;380;1;9.6;0;0;1905.57;0;2
137;380;1;-14.42;223.47;0;0;0;1
138;380;1;12.46;0;0;1634.6;0;2
139;380;1;9.32;223.47;0;0;0;1
140;380;1;-69.14;132.24;0;0;0;1
141;380;1;10.63;0;0;1307.68;0;2
142;380;1;-73.45;132.24;0;0;0;1
143;380;1;47.99;0;0;950.66;0;2
144;380;1;-59.75;0;0;1019.48;0;2
145;380;1;-81.98;908.89;0;0;0;1
146;380;1;-78.1;908.89;0;0;0;1
147;380;1;-79;908.89;0;0;0;1
148;380;1;-79.85;158;0;0;0;1
149;380;1;-77.49;907.88;0;0;0;1
150;380;1;-16.06;564;0;0;0;1
151;380;1;-78.37;887.88;0;0;0;1
152;380;1;-62.1;0;0;704;0;2
153;380;1;-44.82;0;0;185.26;0;2
154;380;1;-75.61;908.89;0;0;0;1
155;380;1;-70.78;167.69;0;0;0;1
156;380;1;-96.46;908.89;0;0;0;1
157;380;1;-67.93;271.85;0;0;0;1
158;380;1;-78.98;166.68;0;0;0;1
159;380;1;-29.34;0;0;980.76;0;2
160;380;1;-94.73;0;0;130.77;0;2
161;380;1;-51.03;0;0;291.13;0;2
162;380;1;35.33;0;0;846.5;0;2
163;380;1;-58.82;0;0;211.73;0;2
164;380;1;-54.67;0;0;1905.57;0;2
165;380;1;-52;0;0;400;0;2
166;380;1;-53.36;0;0;198.5;0;2
167;380;1;-101.95;167.69;0;0;0;1
168;380;1;-68.8;167.69;0;0;0;1
169;380;1;-60.26;242;0;0;0;1
170;380;1;-51.7;564.69;0;0;0;1
171;380;1;-108.8;166.68;0;0;0;1
172;380;1;-51.48;564.69;0;0;0;1
173;380;1;-110.67;166.68;0;0;0;1
174;380;1;-69.36;0;0;204.32;0;2
175;380;1;-58.49;564.69;0;0;0;1
176;380;1;-54.08;0;0;1079.83;0;2
177;380;1;-68.37;565.7;0;0;0;1
178;380;1;-61.2;271.85;0;0;0;1
179;380;1;-117.96;167.69;0;0;0;1
180;380;1;-74.65;148;0;0;0;1
181;380;1;-116.17;167.69;0;0;0;1
182;380;1;-118.84;167.69;0;0;0;1
183;380;1;-65.8;564.69;0;0;0;1
184;380;1;-115.18;0;0;264.66;0;2
185;380;1;-76.64;147;0;0;0;1
186;380;1;-70.69;564.69;0;0;0;1
187;380;1;-116.67;166.68;0;0;0;1
188;380;1;-53.86;71;0;0;0;1
189;380;1;-71.34;565.7;0;0;0;1
190;380;1;-52;50;0;0;0;1
191;380;1;-115.97;609.77;0;0;0;1
192;380;1;-77.26;349.1;0;0;0;1
193;380;1;-104.35;609.77;0;446.74;0;2
194;380;1;-119.87;580.19;0;0;0;1
195;380;1;-117.55;609.77;0;0;0;1
196;380;1;-66.88;348.09;0;0;0;1
197;380;1;-76.26;564.69;0;0;0;1
198;380;1;-68.49;348.09;0;0;0;1
199;380;1;-56.03;0;0;3600;0;2
200;380;1;-57.39;347.08;0;0;0;1
201;380;1;-53.32;0;0;2168.29;0;2
202;380;1;-80.32;608.76;0;0;0;1
203;380;1;-65.08;608.76;0;0;0;1
204;380;1;-155.09;609.77;0;0;0;1
205;380;1;-118.53;609.77;0;0;0;1
206;380;1;-198.78;609.77;0;0;0;1
207;380;1;-65.77;0;0;948.07;0;2
208;380;1;-97.97;0;0;121.75;0;2
209;380;1;-270.13;609.77;0;0;0;1
210;380;1;-104.23;609.77;0;0;0;1
211;380;1;-234.69;608.76;0;0;0;1
212;380;1;-78.43;607.75;0;0;0;1
213;380;1;-106.89;609.77;0;0;0;1
214;380;1;-87.63;609.77;0;0;0;1
215;380;1;-72.86;0;0;1683.22;0;2
216;380;1;-63.56;0;0;1587.94;0;2
217;380;1;54.21;0;0;615.78;0;2
218;380;1;47.88;0;0;5400;0;2
219;380;1;31.13;866.59;0;0;0;1
220;380;1;-3.67;866.59;0;0;0;1
221;380;1;12.33;866.59;0;0;0;1
222;380;1;35.09;767;0;600;0;2
223;380;1;16.33;866.59;0;0;0;1
224;380;1;36.28;0;0;0;0;3
225;380;1;26.59;866.59;0;0;0;1
226;380;1;32.65;0;0;267.5;0;2
227;380;1;23.06;866.59;0;0;0;1
228;380;1;74.08;0;0;2000;0;2
229;380;1;3.34;216.08;0;0;0;1
230;380;1;28.04;254.84;0;0;0;1
231;380;1;18.37;0;0;2358.8;0;2
232;380;1;12.75;216.08;0;0;0;1
233;380;1;48.58;0;0;48.78;0;2
234;380;1;34.78;170.8;0;0;0;1
235;380;1;19.6;0;0;4618;0;2
236;380;1;6.22;216.08;0;0;0;1
237;380;1;19.45;216.08;0;0;0;1
238;380;1;10.73;270.16;0;0;0;1
239;380;1;16.97;216.08;0;0;0;1
240;380;1;40.38;251.63;0;0;0;1
241;380;1;61.22;251.63;0;0;0;1
242;380;1;-9.68;270.16;0;0;0;1
243;380;1;34.45;170.8;0;0;0;1
244;380;1;77;0;0;5010.25;0;2
245;380;1;-11.24;270.16;0;0;0;1
246;380;1;-10.77;270.16;0;0;0;1
247;380;1;3.84;216.08;0;0;0;1
248;380;1;2.67;0;0;1337.49;0;2
249;380;1;3.95;216.08;0;0;0;1
250;380;1;-23.25;0;0;2225.79;0;2
251;380;1;15.93;216.08;0;0;0;1
252;380;1;6.68;216.08;0;0;0;1
253;380;1;-19.71;270.16;0;0;0;1
254;380;1;65.79;251.63;0;0;0;1
255;380;1;68.8;0;0;1386.27;0;2
256;380;1;-1.39;216.08;0;0;0;1
257;380;1;61.68;0;0;539.87;0;2
258;380;1;-6.48;270.16;0;0;0;1
259;380;1;14.94;170.8;0;0;0;1
260;380;1;1.8;216.08;0;0;0;1
261;380;1;-17.12;270.16;0;0;0;1
262;380;1;21.3;170.8;0;0;0;1
263;380;1;52.81;251.63;0;0;0;1
264;380;1;-0.4;216.08;0;0;0;1
265;380;1;-18.5;501.99;0;0;0;1
266;380;1;-25.09;724.9;0;0;0;1
267;380;1;11.95;151.36;0;0;0;1
268;380;1;-25;270.16;0;0;0;1
269;380;1;-21.26;501.99;0;0;0;1
270;380;1;13.19;170.8;0;0;0;1
271;380;1;6.85;216.08;0;0;0;1
272;380;1;-4.59;1277.36;0;0;0;1
273;380;1;41.24;0;0;438.98;0;2
274;380;1;-11.27;0;0;713.33;0;2
275;380;1;-37.3;0;0;365.82;0;2
276;380;1;-29.74;270.16;0;0;0;1
277;380;1;-12.96;270.16;0;0;0;1
278;380;1;58.25;0;0;1603.62;0;2
279;380;1;-10.08;1277.36;0;0;0;1
280;380;1;-34.89;1277.36;0;0;0;1
281;380;1;41.02;251.63;0;0;0;1
282;380;1;-22.44;1277.36;0;0;0;1
283;380;1;25.63;251.63;0;0;0;1
284;380;1;15.9;170.8;0;0;0;1
285;380;1;-19.48;1277.36;0;0;0;1
286;380;1;37.72;724.9;0;0;0;1
287;380;1;42.8;251.63;0;0;0;1
288;380;1;-86.17;225;0;0;0;1
289;380;1;-2.03;0;0;1515.83;0;2
290;380;1;12.92;170.8;0;0;0;1
291;380;1;-56.91;1277.36;0;0;0;1
292;380;1;-29.5;1277.36;0;0;0;1
293;380;1;-34.55;1277.36;0;0;0;1
294;380;1;-37.8;222.31;0;0;0;1
295;380;1;-40.8;221.81;0;0;0;1
296;380;1;-18.25;1277.36;0;0;0;1
297;380;1;-59.01;230.77;0;0;0;1
298;380;1;38.49;252.57;0;0;0;1
299;380;1;-102.87;218.81;0;0;0;1
300;380;1;-47.06;0;0;694.17;0;2
301;380;1;16.91;252.57;0;0;0;1
302;380;1;6.4;170.8;0;0;0;1
303;380;1;-59.1;275.22;0;0;0;1
304;380;1;8.35;0;0;2358.8;0;2
305;380;1;-46.57;677.19;0;0;0;1
306;380;1;-97.88;319;0;0;0;1
307;380;1;-94.89;218.81;0;0;0;1
308;380;1;34.36;251.63;0;0;0;1
309;380;1;-67.55;275.22;0;0;0;1
310;380;1;-99.36;218.81;0;0;0;1
311;380;1;3.02;170.8;0;0;0;1
312;380;1;17.36;251.63;0;0;0;1
313;380;1;-6.82;0;0;891.66;0;2
314;380;1;-22.5;230.77;0;0;0;1
315;380;1;43.26;0;0;1662.28;0;2
316;380;1;26.05;251.63;0;0;0;1
317;380;1;-2.56;170.8;0;0;0;1
318;380;1;-51.93;204.76;0;0;0;1
319;380;1;28.3;251.63;0;0;0;1
320;380;1;-25.19;1277.36;0;0;0;1
321;380;1;-47.71;204.76;0;0;0;1
322;380;1;22.65;724.9;0;0;0;1
323;380;1;23.47;251.63;0;0;0;1
324;380;1;-21.89;230.77;0;0;0;1
325;380;1;-9.38;170.8;0;0;0;1
326;380;1;-11.94;151.36;0;0;0;1
327;380;1;22.67;724.9;0;0;0;1
328;380;1;-55.93;677.19;0;0;0;1
329;380;1;-12.61;230.77;0;0;0;1
330;380;1;-99.49;218.81;0;0;0;1
331;380;1;-45.44;204.76;0;0;0;1
332;380;1;-55.49;439.08;0;0;0;1
333;380;1;-18.26;230.77;0;0;0;1
334;380;1;-11.57;170.8;0;0;0;1
335;380;1;-19.8;230.77;0;0;0;1
336;380;1;11.22;724.9;0;0;0;1
337;380;1;-50.06;230.77;0;0;0;1
338;380;1;-93.53;330.82;0;0;0;1
339;380;1;-8.49;151.36;0;0;0;1
340;380;1;-11.69;151.36;0;0;0;1
341;380;1;-101.59;218.81;0;0;0;1
342;380;1;-14.19;151.36;0;0;0;1
343;380;1;-43.12;204.76;0;0;0;1
344;380;1;16.71;0;0;58.53;0;2
345;380;1;-96.89;330.82;0;0;0;1
346;380;1;-5.56;186.59;0;0;0;1
347;380;1;-19.77;230.77;0;0;0;1
348;380;1;-8.73;0;0;1535.46;0;2
349;380;1;-12.29;151.36;0;0;0;1
350;380;1;6.43;186.59;0;0;0;1
351;380;1;-60.42;358.71;0;0;0;1
352;380;1;-19.4;0;0;1542.29;0;2
353;380;1;-90.23;330.82;0;0;0;1
354;380;1;-25.67;230.77;0;0;0;1
355;380;1;-30.88;230.77;0;0;0;1
356;380;1;6.56;186.59;0;0;0;1
357;380;1;-0.53;0;0;2358.8;0;2
358;380;1;-17.75;151.36;0;0;0;1
359;380;1;-36.93;230.77;0;0;0;1
360;380;1;-10.13;151.36;0;0;0;1
361;380;1;-48.37;376.63;0;0;0;1
362;380;1;-70.91;358.71;0;0;0;1
363;380;1;-0.5;186.59;0;0;0;1
364;380;1;-6.25;151.36;0;0;0;1
365;380;1;-10.96;151.36;0;0;0;1
366;380;1;-35.89;230.77;0;0;0;1
367;380;1;-17.19;151.36;0;0;0;1
368;380;1;-68.47;358.71;0;0;0;1
369;380;1;-64.04;358.71;0;0;0;1
370;380;1;-32.04;0;0;2826.49;0;2
371;380;1;-12.87;186.59;0;0;0;1
372;380;1;-39.76;376.63;0;0;0;1
373;380;1;-54.58;0;0;1995.39;0;2
374;380;1;-24.96;230.77;0;0;0;1
375;380;1;-58.62;358.71;0;0;0;1
376;380;1;-5.87;186.59;0;0;0;1
377;380;1;-52.81;376.63;0;0;0;1
378;380;1;-14.02;230.77;0;0;0;1
379;380;1;-10.5;151.36;0;0;0;1
380;380;1;-5.59;151.36;0;0;0;1
381;380;1;-7.06;186.59;0;0;0;1
382;380;1;-10.68;151.36;0;0;0;1
383;380;1;-35.5;252.57;0;0;0;1
384;380;1;-13.46;186.59;0;0;0;1
385;380;1;-70.19;420.21;0;0;0;1
386;380;1;-24.93;230.77;0;0;0;1
387;380;1;-4.62;0;0;905.38;0;2
388;380;1;-38;252.57;0;0;0;1
389;380;1;-8.3;151.36;0;0;0;1
390;380;1;-8.44;151.36;0;0;0;1
391;380;1;-70.69;420.21;0;0;0;1
392;380;1;-20.29;180.29;0;0;0;1
393;380;1;-31.2;252.57;0;0;0;1
394;380;1;-9.88;0;0;170.71;0;2
395;380;1;-11.33;313.59;0;0;0;1
396;380;1;-19.37;230.77;0;0;0;1
397;380;1;-7.14;313.59;0;0;0;1
398;380;1;-25.22;0;0;390.21;0;2
399;380;1;-25.94;180.29;0;0;0;1
400;380;1;-6.57;313.59;0;0;0;1
401;380;1;-24.84;180.29;0;0;0;1
402;380;1;-12.53;313.59;0;0;0;1
403;380;1;-40.84;252.57;0;0;0;1
404;380;1;-8.23;313.59;0;0;0;1
405;380;1;-17.47;180.29;0;0;0;1
406;380;1;-11.05;313.59;0;0;0;1
407;380;1;-6.82;0;0;195.11;0;2
408;380;1;-32.6;252.57;0;0;0;1
409;380;1;-48.91;252.57;0;0;0;1
410;380;1;-14.38;313.59;0;0;0;1
411;380;1;-16.11;313.59;0;0;0;1
412;380;1;-33.41;313.59;0;0;0;1
413;380;1;-16.6;120.38;0;0;0;1
414;380;1;-12.61;313.59;0;0;0;1
415;380;1;-15.66;120.38;0;0;0;1
416;380;1;-6.63;313.59;0;0;0;1
417;380;1;-18.35;120.38;0;0;0;1
418;380;1;-6.91;313.59;0;0;0;1
419;380;1;-41.52;252.57;0;0;0;1
420;380;1;-11.4;120.38;0;0;0;1
421;380;1;-20.02;120.38;0;0;0;1
422;380;1;-4.73;0;0;195.1;0;2
423;380;1;-9.67;313.59;0;0;0;1
424;380;1;-11.26;0;0;585.3;0;2
425;380;1;-20.89;180.29;0;0;0;1
426;380;1;-7.66;120.38;0;0;0;1
427;380;1;-2.97;0;0;510.18;0;2
428;380;1;-12.31;313.59;0;0;0;1
429;380;1;-16.33;313.59;0;0;0;1
430;380;1;-13.56;313.59;0;0;0;1
431;380;1;-11.54;313.59;0;0;0;1
432;380;1;-18.93;180.29;0;0;0;1
433;380;1;-36.08;252.57;0;0;0;1
434;380;1;-8.41;313.59;0;0;0;1
435;380;1;-22.16;252.57;0;0;0;1
436;380;1;-6.8;313.59;0;0;0;1
437;380;1;-2.37;0;0;243.88;0;2
438;380;1;-2.27;283.6;0;0;0;1
439;380;1;-8.98;0;0;138.98;0;2
440;380;1;-12.76;313.59;0;0;0;1
441;380;1;-9.99;313.59;0;0;0;1
442;380;1;69.34;313.59;0;0;0;1
443;380;1;-11.69;0;0;35;0;2
444;380;1;-4.96;0;0;438.98;0;2
445;380;1;10.12;0;0;3361.13;0;2
446;380;1;-15.59;180.29;0;0;0;1
447;380;1;-6.9;313.59;0;0;0;1
448;380;1;-4.84;283.6;0;0;0;1
449;380;1;-14.28;0;0;2731.39;0;2
450;380;1;-2.71;180.29;0;0;0;1
451;380;1;-27.37;283.6;0;0;0;1
452;380;1;-22.34;313.59;0;0;0;1
453;380;1;-26.59;252.57;0;0;0;1
454;380;1;-3.23;0;0;365.81;0;2
455;380;1;-14.22;180.29;0;0;0;1
456;380;1;-41.73;283.6;0;0;0;1
457;380;1;5.05;283.6;0;0;0;1
458;380;1;-16.71;0;0;1750;0;2
459;380;1;-6.99;180.29;0;0;0;1
460;380;1;160;0;0;3166.03;0;2
461;380;1;22.82;0;0;438.98;0;2
462;380;1;-16.49;313.59;0;0;0;1
463;380;1;-5.39;283.6;0;0;0;1
464;380;1;-37.06;283.6;0;0;0;1
465;380;1;-9.98;180.29;0;0;0;1
466;380;1;2.93;0;0;2358.75;0;2
467;380;1;15.21;0;0;243.88;0;2
468;380;1;-15.18;313.59;0;0;0;1
469;380;1;-1.09;0;0;682.86;0;2
470;380;1;-4.21;313.59;0;0;0;1
471;380;1;-1.64;283.2;0;0;0;1
472;380;1;-4.89;283.2;0;0;0;1
473;380;1;-24.35;294.47;0;0;0;1
474;380;1;-22.54;294.47;0;0;0;1
475;380;1;-13.84;313.59;0;0;0;1
476;380;1;-38.64;283.6;0;0;0;1
477;380;1;-20.54;283.6;0;0;0;1
478;380;1;-1.82;0;0;3461.13;0;2
479;380;1;-5.55;283.2;0;0;0;1
480;380;1;1.09;0;0;731.63;0;2
481;380;1;-20.94;448.76;0;0;0;1
482;380;1;-24.24;448.76;0;0;0;1
483;380;1;-11.56;254.84;0;0;0;1
484;380;1;-12.35;283.6;0;0;0;1
485;380;1;-23.81;448.76;0;0;0;1
486;380;1;-9.35;0;0;1386.18;0;2
487;380;1;-22.5;448.76;0;0;0;1
488;380;1;-4.17;0;0;468.24;0;2
489;380;1;-14.81;254.84;0;0;0;1
490;380;1;-0.93;0;0;2438.74;0;2
491;380;1;-35.37;448.76;0;0;0;1
492;380;1;18.09;0;0;1340.33;0;2
493;380;1;-19.66;0;0;535;0;2
494;380;1;-9.27;0;0;713.33;0;2
495;380;1;-32.11;644;0;0;0;1
496;380;1;-15.5;254.84;0;0;0;1
497;380;1;-11.37;0;0;731.62;0;2
498;380;1;-24.62;448.76;0;0;0;1
499;380;1;-30.47;448.76;0;0;0;1
500;380;1;-36.49;283.6;0;0;0;1
501;380;1;-19.84;254.84;0;0;0;1
502;380;1;-28.67;448.76;0;0;0;1
503;380;1;-23.85;283.2;0;0;0;1
504;380;1;-49.41;448.76;0;0;0;1
505;380;1;-18.47;254.84;0;0;0;1
506;380;1;-24.11;254.84;0;0;0;1
507;380;1;-18.73;254.84;0;0;0;1
508;380;1;-50.48;448.76;0;0;0;1
509;380;1;-28.74;283.2;0;0;0;1
510;380;1;-28.79;448.76;0;0;0;1
511;380;1;-24.43;283.2;0;0;0;1
512;380;1;-19.94;233;0;0;0;1
513;380;1;-32.48;233;0;0;0;1
514;380;1;-35.81;448.76;0;0;0;1
515;380;1;-40.76;184;0;0;0;1
516;380;1;-32.99;448.76;0;0;0;1
517;380;1;-36.15;448.76;0;0;0;1
518;380;1;-31.7;283.2;0;0;0;1
519;380;1;-22.3;254.84;0;0;0;1
520;380;1;-23.75;254.84;0;0;0;1
521;380;1;-39.4;448.76;0;0;0;1
522;380;1;-29.64;283.6;0;0;0;1
523;380;1;-20.25;254.84;0;0;0;1
524;380;1;-25.27;254.84;0;0;0;1
525;380;1;-22.84;254.84;0;0;0;1
526;380;1;-38.35;272.16;0;0;0;1
527;380;1;-46.99;283.2;0;0;0;1
528;380;1;-27.67;272.16;0;0;0;1
529;380;1;-41.68;384;0;0;0;1
530;380;1;-51.14;283.2;0;0;0;1
531;380;1;4.16;0;0;1128;0;2
532;380;1;-16.56;43;0;0;0;1
533;380;1;-59.31;283.2;0;0;0;1
534;380;1;93.22;61;0;0;0;1
535;380;1;88.53;0;0;2300;0;2
536;380;1;60.94;1455;0;0;0;1
537;380;1;87.19;778.58;0;0;0;1
538;380;1;88.68;654;0;0;0;1
539;380;1;76.61;0;0;1619;0;2
540;380;1;44.52;0;0;459.73;0;2
541;380;1;100.39;0;0;2750;0;2
542;380;1;40.46;1699;0;0;0;1
543;380;1;75.02;2713.75;0;0;0;1
544;380;1;39.96;1997;0;0;0;1
545;380;1;45.79;0;0;50;0;2
546;380;1;71.4;1811.61;0;0;0;1
547;380;1;81.87;0;0;1788.13;0;2
548;380;1;67.74;0;0;1347.13;0;2
549;380;1;77.59;315.13;0;0;0;1
550;380;1;75.31;0;0;240.63;0;2
551;380;1;74.84;0;0;388.85;0;2
552;380;1;77.03;491;0;0;0;1
553;380;1;70.67;176.02;0;0;0;1
554;380;1;67.87;575;0;0;0;1
555;380;1;74.08;0;0;0;0;3
556;380;1;96.68;0;0;1200;0;2
557;380;1;11.72;417.98;0;0;0;1
558;380;1;16.07;256.7;0;1445;0;2
559;380;1;18.14;256.7;0;810.64;0;2
560;380;1;12.67;1719.59;0;0;0;1
561;380;1;17.27;240.17;0;0;0;1
562;380;1;13.07;256.7;0;0;0;1
563;380;1;15.23;240.17;0;0;0;1
564;380;1;16.98;93.79;0;0;0;1
565;380;1;16;240.17;0;0;0;1
566;380;1;12.14;559.11;0;0;0;1
567;380;1;13.75;629.59;0;0;0;1
568;380;1;16.19;240.17;0;0;0;1
569;380;1;19.49;0;0;902.97;0;2
570;380;1;15.78;271.19;0;0;0;1
571;380;1;13.74;271.19;0;0;0;1
572;380;1;14.91;271.19;0;0.25;0;2
573;380;1;14.9;559.1;0;0;0;1
574;380;1;17.41;0;0;0;0;3
575;380;1;11.69;0;0;1120;0;2
576;380;1;18.45;0;0;361.51;0;2
577;380;1;17.05;0;0;386.92;0;2
578;380;1;15.62;0;0;298.38;0;2
579;380;1;17.05;0;0;225.44;0;2
580;380;1;16.55;0;0;0;0;3
581;380;1;15.47;0;0;139.37;0;2
582;380;1;13.52;0;0;119.58;0;2
583;380;1;19.62;0;0;307.41;0;2
584;380;1;1.91;559.1;0;0;0;1
585;380;1;27.63;0;0;704.58;0;2
586;380;1;-1.46;559.1;0;0;0;1
587;380;1;15.13;120.31;0;0;0;1
588;380;1;13.24;307.75;0;0;0;1
589;380;1;-7.29;559.1;0;0;0;1
590;380;1;0.99;559.1;0;0;0;1
591;380;1;15.27;120.31;0;0;0;1
592;380;1;-4.9;0;0;106.2;0;2
593;380;1;12.93;0;0;555.88;0;2
594;380;1;18.47;0;0;448.4;0;2
595;380;1;21.17;0;0;827.41;0;2
596;380;1;14.59;0;0;249.89;0;2
597;380;1;3.53;120.31;0;0;0;1
598;380;1;-4.06;559.1;0;0;0;1
599;380;1;18.87;0;0;790;0;2
600;380;1;16.02;120.31;0;0;0;1
601;380;1;0.22;0;0;313.14;0;2
602;380;1;-6.52;0;0;295.12;0;2
603;380;1;-1.56;0;0;74.47;0;2
604;380;1;75.49;273.97;0;424.21;0;2
605;380;1;73.02;273.97;0;0;0;1
606;380;1;70.1;280.06;0;83.79;0;2
607;380;1;149.93;0;0;1698.26;0;2
608;380;1;145;636.36;0;0;0;1
609;380;1;155.02;636.36;0;0;0;1
610;380;1;167.89;0;0;2047.7;0;2
611;380;1;141.68;386;0;0;0;1
612;380;1;154.42;636.36;0;0;0;1
613;380;1;157.38;636.36;0;0;0;1
614;380;1;151.44;636.36;0;0;0;1
615;380;1;134.47;636.36;0;0;0;1
616;380;1;166.93;0;0;1780;0;2
617;380;1;181.84;0;0;2653.13;0;2
618;380;1;108.32;686;0;0;0;1
619;380;1;171.76;0;0;3365.87;0;2
620;380;1;89.34;2036;0;0;0;1
621;380;1;161.34;0;0;1443.52;0;2
622;380;1;80.11;2136;0;0;0;1
623;380;1;150.46;0;0;992.55;0;2
624;380;1;120.29;0;0;600;0;2
625;380;1;82.06;2335.54;0;0;0;1
626;380;1;105.59;2435;0;0;0;1
627;380;1;98.56;0;0;3080;0;2
628;380;1;91.98;2336;0;0;0;1
629;380;1;100.86;0;0;64.98;0;2
630;380;1;-7.63;0;0;50.51;0;2
631;380;1;-1.79;0;0;326.84;0;2
632;380;1;2.82;0;0;810.66;0;2
633;380;1;0.89;316.22;0;0;0;1
634;380;1;5.04;303;0;1049.98;0;2
635;380;1;-17.19;316.22;0;0;0;1
636;380;1;-0.19;316.22;0;0;0;1
637;380;1;14.89;0;0;128.68;0;2
638;380;1;6.44;766;0;317.84;0;2
639;380;1;-7.13;449.17;0;0;0;1
640;380;1;-9.1;0;0;257.36;0;2
641;380;1;-11.64;379.73;0;0;0;1
642;380;1;-14.44;449.17;0;0;0;1
643;380;1;10.52;166;0;0;0;1
644;380;1;-8.01;379.73;0;0;0;1
645;380;1;18.36;0;0;823.54;0;2
646;380;1;-17.58;379.73;0;0;0;1
647;380;1;3.49;0;0;25.74;0;2
648;380;1;-12.5;966.37;0;0;0;1
649;380;1;10.03;292;0;0;0;1
650;380;1;-9.1;379.73;0;0;0;1
651;380;1;3.52;866;0;0;0;1
652;380;1;3.77;379.73;0;0;0;1
653;380;1;16.77;379.73;0;0;0;1
654;380;1;25.64;379.73;0;0;0;1
655;380;1;-11.39;966.37;0;0;0;1
656;380;1;-0.62;379.73;0;0;0;1
657;380;1;2.99;492.38;0;0;0;1
658;380;1;3.78;0;0;538.33;0;2
659;380;1;-10.56;966.37;0;0;0;1
660;380;1;-8.72;966.37;0;0;0;1
661;380;1;0.26;966.37;0;0;0;1
662;380;1;-7.56;966.37;0;0;0;1
663;380;1;-9.93;379.73;0;0;0;1
664;380;1;-0.8;147.51;0;0;0;1
665;380;1;8.08;379.73;0;0;0;1
666;380;1;4.07;966.37;0;0;0;1
667;380;1;30.43;0;0;2787.73;0;2
668;380;1;-3.6;379.73;0;0;0;1
669;380;1;5.79;0;0;880.66;0;2
670;380;1;-1.99;379.73;0;0;0;1
671;380;1;11.44;0;0;2298.56;0;2
672;380;1;36.06;380.83;0;0;0;1
673;380;1;-3.92;966.37;0;0;0;1
674;380;1;-2.72;966.37;0;0;0;1
675;380;1;16.32;0;0;1929.6;0;2
676;380;1;-0.65;0;0;727.09;0;2
677;380;1;41.54;0;0;1571.5;0;2
678;380;1;-4.54;492.38;0;0;0;1
679;380;1;15.86;0;0;951.38;0;2
680;380;1;22.16;0;0;953.5;0;2
681;380;1;6.95;0;0;301.53;0;2
682;380;1;14.78;0;0;1522.22;0;2
683;380;1;22.29;510.42;0;0;0;1
684;380;1;-12.33;300.01;0;0;0;1
685;380;1;-6.63;510.42;0;0;0;1
686;380;1;0.84;492.38;0;0;0;1
687;380;1;16.52;510.42;0;0;0;1
688;380;1;13.82;510.42;0;0;0;1
689;380;1;21.5;510.42;0;0;0;1
690;380;1;39.61;0;0;1712.49;0;2
691;380;1;-9.02;492.38;0;0;0;1
692;380;1;-10.38;492.38;0;0;0;1
693;380;1;22.09;510.42;0;0;0;1
694;380;1;3.57;0;0;253.7;0;2
695;380;1;-12.97;492.38;0;0;0;1
696;380;1;34.06;510.42;0;0;0;1
697;380;1;28.19;0;0;257.36;0;2
698;380;1;3.75;0;0;399.99;0;2
699;380;1;33.36;510.42;0;0;0;1
700;380;1;-0.74;213.8;0;0;0;1
701;380;1;4.89;213.8;0;0;0;1
702;380;1;-8.81;492.38;0;0;0;1
703;380;1;38.38;372.98;0;0;0;1
704;380;1;0.6;0;0;919.98;0;2
705;380;1;18.34;0;0;721.59;0;2
706;380;1;18.95;213.8;0;0;0;1
707;380;1;29.94;654.36;0;0;0;1
708;380;1;-6.69;0;0;195.6;0;2
709;380;1;38.14;654.36;0;0;0;1
710;380;1;56.03;372.98;0;0;0;1
711;380;1;-17.22;213.8;0;0;0;1
712;380;1;28.95;654.36;0;0;0;1
713;380;1;53.85;654.36;0;412.27;0;2
714;380;1;29.37;0;0;856.25;0;2
715;380;1;-30.5;213.8;0;0;0;1
716;380;1;43.56;654.36;0;0;0;1
717;380;1;30.3;0;0;205.88;0;2
718;380;1;74.72;372.98;0;0;0;1
719;380;1;94.93;0;0;1046.52;0;2
720;380;1;91.75;270.16;0;0;0;1
721;380;1;107.19;0;0;1308.15;0;2
722;380;1;93.17;270.16;0;0;0;1
723;380;1;97.08;270.16;0;0;0;1
724;380;1;98.61;843.7;0;136.4;0;2
725;380;1;106.31;270.16;0;0;0;1
726;380;1;119;0;0;2441.89;0;2
727;380;1;116.66;701.31;0;697.68;0;2
728;380;1;123.67;0;0;2689.25;0;2
729;380;1;104.52;843.7;0;0;0;1
730;380;1;134.31;936.16;0;0;0;1
731;380;1;133.81;0;0;463.24;0;2
732;380;1;107.1;843.7;0;0;0;1
733;380;1;168.21;0;0;180.15;0;2
734;380;1;140.37;936.16;0;0;0;1
735;380;1;110.21;843.7;0;0;0;1
736;380;1;128.2;0;0;154.41;0;2
737;380;1;106.26;843.7;0;0;0;1
738;380;1;136.26;701.31;0;0;0;1
739;380;1;197.18;0;0;3678.69;0;2
740;380;1;121.26;701.31;0;0;0;1
741;380;1;149.8;0;0;887.96;0;2
742;380;1;193.37;0;0;1014.81;0;2
743;380;1;180.12;172.66;0;0;0;1
744;380;1;138.87;0;0;507.41;0;2
745;380;1;156.25;701.31;0;0;0;1
746;380;1;184.83;172.66;0;244.49;0;2
747;380;1;188.65;936.16;0;0;0;1
748;380;1;188.51;172.66;0;0;0;1
749;380;1;173.76;172.66;0;0;0;1
750;380;1;224.47;0;0;2537.03;0;2
751;380;1;179.55;0;0;128.68;0;2
752;380;1;203.9;172.66;0;0;0;1
753;380;1;178.38;172.66;0;0;0;1
754;380;1;179.25;172.66;0;0;0;1
755;380;1;168.31;0;0;946.42;0;2
756;380;1;121.75;376.1;0;0;0;1
757;380;1;119.48;345.71;0;0;0;1
758;380;1;130.89;0;0;528.37;0;2
760;380;1;158.46;345.71;0;0;0;1
761;380;1;162.25;345.71;0;0;0;1
762;380;1;113.77;741;0;0;0;1
763;380;1;127.28;345.71;0;0;0;1
764;380;1;164.31;0;0;1244.1;0;2
765;380;1;154.87;345.71;0;0;0;1
766;380;1;155.55;345.71;0;0;0;1
767;380;1;-21.61;966.37;0;0;0;1
768;380;1;119.13;0;0;395.79;0;2
769;380;1;3.03;253.48;0;0;0;1
770;380;1;5.37;253.48;0;0;0;1
771;380;1;116.94;0;0;273.63;0;2
772;380;1;10.32;0;0;633.89;0;2
773;380;1;111.17;842.4;0;0;0;1
774;380;1;4.8;253.48;0;0;0;1
775;380;1;4.54;253.48;0;0;0;1
776;380;1;9.79;253.48;0;0;0;1
777;380;1;103.55;842.4;0;0;0;1
778;380;1;91.64;842.4;0;0;0;1
779;380;1;109.14;0;0;1023.11;0;2
780;380;1;-1.99;330.32;0;0;0;1
781;380;1;105.94;508.06;0;0;0;1
782;380;1;8.68;153.48;0;0;0;1
783;380;1;126.34;0;0;1694.17;0;2
784;380;1;100.63;508.06;0;0;0;1
785;380;1;128.62;0;0;607.43;0;2
786;380;1;-10.38;559;0;0;0;1
787;380;1;107.84;508.06;0;0;0;1
788;380;1;96.28;0;0;296.31;0;2
789;380;1;171.1;0;0;2762.81;0;2
790;380;1;104.98;0;0;73.29;0;2
791;380;1;129.3;397.26;0;0;0;1
792;380;1;20.48;330.32;0;0;0;1
793;380;1;133.75;0;0;296.31;0;2
794;380;1;159.73;0;0;1000;0;2
795;380;1;139.06;397.26;0;0;0;1
796;380;1;151.03;397.26;0;0;0;1
797;380;1;86.46;397.26;0;0;0;1
798;380;1;141.72;0;0;122.16;0;2
799;380;1;147.82;0;0;1610.67;0;2
800;380;1;120.35;397.26;0;0;0;1
801;380;1;8.83;1461.59;0;0;0;1
802;380;1;13.21;1461.59;0;0;0;1
803;380;1;133.41;0;0;444.46;0;2
804;380;1;131.03;582.42;0;0;0;1
805;380;1;25.58;0;0;270.38;0;2
806;380;1;16.15;330.32;0;0;0;1
807;380;1;128.73;197;0;0;0;1
808;380;1;19.64;0;0;118.52;0;2
809;380;1;132.47;396.65;0;0;0;1
810;380;1;109.62;397.26;0;0;0;1
811;380;1;123.44;397.74;0;0;0;1
812;380;1;9.31;330.32;0;0;0;1
813;380;1;35.53;330.32;0;0;0;1
814;380;1;29.32;0;0;1210.96;0;2
815;380;1;118.63;397.26;0;0;0;1
816;380;1;100.36;0;0;511.13;0;2
817;380;1;104.91;396.65;0;0;0;1
818;380;1;61.92;0;0;320.01;0;2
819;380;1;34.51;580.34;0;0;0;1
820;380;1;71.21;0;0;244.31;0;2
821;380;1;101.82;0;0;1196.15;0;2
822;380;1;71.05;0;0;640.1;0;2
823;380;1;114.43;0;0;2020.97;0;2
824;380;1;37.06;330.32;0;0;0;1
825;380;1;53.94;0;0;640.76;0;2
826;380;1;95.72;396.65;0;0;0;1
827;380;1;79.06;396.65;0;0;0;1
828;380;1;94.52;692.35;0;0;0;1
829;380;1;46.09;0;0;3296.4;0;2
830;380;1;106.08;396.65;0;0;0;1
831;380;1;69.96;396.65;0;0;0;1
832;380;1;112.3;0;0;1970.13;0;2
833;380;1;96.73;0;0;1585.23;0;2
834;380;1;111.62;792;0;0;0;1
835;380;1;47.75;0;0;2018.59;0;2
836;380;1;57.5;397.74;0;0;0;1
837;380;1;29.93;580.31;0;0;0;1
838;380;1;90.58;692.35;0;0;0;1
839;380;1;89.44;692.35;0;0;0;1
840;380;1;96.75;692.35;0;0;0;1
841;380;1;71.18;396.65;0;0;0;1
842;380;1;54.5;0;0;422.16;0;2
843;380;1;105.94;692.35;0;0;0;1
844;380;1;43.29;0;0;242.04;0;2
845;380;1;90.89;723.8;0;0;0;1
846;380;1;30.18;580.31;0;0;0;1
847;380;1;28.62;810;0;0;0;1
848;380;1;80.92;692.35;0;0;0;1
849;380;1;39.71;357.84;0;0;0;1
850;380;1;36.34;357.84;0;0;0;1
851;380;1;79.78;692.35;0;0;0;1
852;380;1;31.34;0;0;588.62;0;2
853;380;1;98.25;692.35;0;0;0;1
854;380;1;28.87;380;0;0;0;1
855;380;1;105.34;0;0;937.81;0;2
856;380;1;18.21;357.84;0;0;0;1
857;380;1;70.22;362.56;0;0;0;1
858;380;1;102.04;0;0;622.24;0;2
859;380;1;40.39;0;0;171.02;0;2
860;380;1;120.08;723.8;0;0;0;1
861;380;1;42.39;0;0;272.66;0;2
862;380;1;112.85;0;0;1111.15;0;2
863;380;1;43.15;397.74;0;0;0;1
864;380;1;89.28;692.35;0;0;0;1
865;380;1;34.88;357.84;0;0;0;1
866;380;1;23.19;357.84;0;0;0;1
867;380;1;128.3;0;0;3600.11;0;2
868;380;1;102.85;692.35;0;0;0;1
869;380;1;125.39;0;0;1111.14;0;2
870;380;1;21.47;357.84;0;0;0;1
871;380;1;112.6;0;0;1674.12;0;2
872;380;1;111.53;692.35;0;0;0;1
873;380;1;39.57;362.56;0;0;0;1
874;380;1;79.41;362.56;0;0;0;1
875;380;1;106.81;0;0;496.31;0;2
876;380;1;121.27;692.35;0;0;0;1
877;380;1;121.51;692.35;0;0;0;1
878;380;1;104.18;0;0;122.23;0;2
879;380;1;71.01;362.56;0;0;0;1
880;380;1;35.77;357.84;0;0;0;1
881;380;1;39.42;431.74;0;0;0;1
882;380;1;5.39;431.71;0;0;0;1
883;380;1;87.37;692.35;0;0;0;1
884;380;1;32.74;357.84;0;0;0;1
885;380;1;53.21;350.7;0;0;0;1
886;380;1;72.83;0;0;598.56;0;2
887;380;1;92.74;692.35;0;0;0;1
888;380;1;31.88;357.84;0;0;0;1
889;380;1;37.32;0;0;397.73;0;2
890;380;1;113.1;692.35;0;0;0;1
891;380;1;63.24;362.56;0;0;0;1
892;380;1;0.83;357.84;0;0;0;1
893;380;1;123.93;0;0;2249.07;0;2
894;380;1;98.43;692.35;0;0;0;1
895;380;1;112.52;0;0;3800.12;0;2
896;380;1;40.13;0;0;481.5;0;2
897;380;1;76.13;362.56;0;0;0;1
898;380;1;91.94;699;0;0;0;1
899;380;1;106.92;392;0;0;0;1
900;380;1;87.69;362.56;0;0;0;1
901;380;1;29.77;431.74;0;0;0;1
902;380;1;37.44;431.74;0;0;0;1
903;380;1;111.05;0;0;4641.9;0;2
904;380;1;105.3;692.35;0;0;0;1
905;380;1;77.26;362.56;0;0;0;1
906;380;1;60.99;338;0;0;0;1
907;380;1;45.38;476.09;0;0;0;1
908;380;1;99.17;330.4;0;0;0;1
909;380;1;46.36;476.09;0;0;0;1
910;380;1;79.18;362.56;0;0;0;1
911;380;1;89.99;330.4;0;0;0;1
912;380;1;85.03;330.4;0;0;0;1
913;380;1;68.77;330.4;0;0;0;1
914;380;1;94.25;692.35;0;0;0;1
915;380;1;77.15;0;0;1187.36;0;2
916;380;1;59.05;0;0;109.94;0;2
917;380;1;50.94;476.09;0;0;0;1
918;380;1;50.98;466;0;0;0;1
919;380;1;73.52;362.56;0;0;0;1
920;380;1;76.05;362.56;0;0;0;1
921;380;1;54.44;0;0;97.72;0;2
922;380;1;76.77;0;0;366.47;0;2
923;380;1;48.24;476.09;0;0;0;1
924;380;1;72.74;362.56;0;0;0;1
925;380;1;72.68;362.56;0;0;0;1
926;380;1;69.43;0;0;74.08;0;2
927;380;1;80.12;330.4;0;0;0;1
928;380;1;57.94;0;0;925.95;0;2
929;380;1;86.91;330.4;0;1767.52;0;2
930;380;1;63.08;406.84;0;0;0;1
931;380;1;59.51;330.4;0;0;0;1
932;380;1;73.36;0;0;2000.82;0;2
933;380;1;68.67;0;0;2457.58;0;2
934;380;1;53.07;406.84;0;0;0;1
935;380;1;51.57;0;0;498.58;0;2
936;380;1;77.7;216.63;0;0;0;1
937;380;1;59.5;476.09;0;0;0;1
938;380;1;58.53;362.56;0;0;0;1
939;380;1;89.76;0;0;2592.67;0;2
940;380;1;71.06;813.68;0;3748.04;0;2
941;380;1;63.68;330.4;0;0;0;1
942;380;1;50.84;0;0;0;0;3
943;380;1;69.94;337.72;0;0;0;1
944;380;1;68.29;0;0;1801.36;0;2
945;380;1;58.69;0;0;0;0;3
946;380;1;49.5;476.09;0;0;0;1
947;380;1;71.8;337.72;0;0;0;1
948;380;1;58.46;765.92;0;0;0;1
949;380;1;57.74;406.84;0;0;0;1
950;380;1;53.76;476.09;0;0;0;1
951;380;1;52.06;476.09;0;783.58;0;2
952;380;1;55.39;0;0;1205.25;0;2
953;380;1;64.75;0;0;2496.67;0;2
954;380;1;56.21;0;0;1604.96;0;2
955;380;1;56.73;0;0;1042.81;0;2
956;380;1;42.91;490.81;0;0;0;1
957;380;1;33.48;382;0;0;0;1
958;380;1;32.69;406.84;0;0;0;1
959;380;1;48.56;406.84;0;0;0;1
960;380;1;58.77;0;0;2044.22;0;2
961;380;1;23.67;476.09;0;0;0;1
962;380;1;52.07;406.84;0;0;0;1
963;380;1;43.91;406.84;0;0;0;1
964;380;1;32.96;406.84;0;0;0;1
965;380;1;25.38;0;0;279.24;0;2
966;380;1;34.06;406.84;0;0;0;1
967;380;1;29.19;406.84;0;0;0;1
968;380;1;21.98;490.81;0;0;0;1
969;380;1;49.03;476.09;0;0;0;1
970;380;1;31.6;476.09;0;0;0;1
971;380;1;38.14;406.84;0;0;0;1
972;380;1;47.66;476.09;0;0;0;1
973;380;1;21.63;476.09;0;0;0;1
974;380;1;33.1;406.84;0;0;0;1
975;380;1;32.13;406.84;0;0;0;1
976;380;1;25.62;476.09;0;0;0;1
977;380;1;28.36;476.09;0;0;0;1
978;380;1;28.91;406.84;0;0;0;1
979;380;1;45.91;476.09;0;0;0;1
980;380;1;25.56;406.84;0;0;0;1
981;380;1;26.55;406.84;0;0;0;1
982;380;1;-10.21;476.09;0;0;0;1
983;380;1;23.07;193.12;0;0;0;1
984;380;1;24.96;808.75;0;0;0;1
985;380;1;19.24;476.09;0;0;0;1
986;380;1;5.07;406.84;0;0;0;1
987;380;1;-21.25;476.09;0;0;0;1
988;380;1;23.45;406.84;0;0;0;1
989;380;1;21.58;0;0;0;0;3
990;380;1;16.2;406.84;0;0;0;1
991;380;1;19.09;0;0;0;0;3
992;380;1;77.07;216.63;0;0;0;1
993;380;1;18.48;476.09;0;0;0;1
994;380;1;35.24;0;0;0;0;3
995;380;1;29.14;476.09;0;0;0;1
996;380;1;32.06;799;0;338.91;0;2
997;380;1;35.92;399.86;0;734.47;0;2
998;380;1;45.92;0;0;1121.02;0;2
999;380;1;26.22;599.32;0;950;0;2
1000;380;1;37.95;0;0;181.36;0;2
1001;380;1;35.96;0;0;313.62;0;2
1002;380;1;44.74;0;0;741.91;0;2
1003;380;1;32.3;701.34;0;0;0;1
1004;380;1;37.52;0;0;711.7;0;2
1005;380;1;32.15;701.34;0;0;0;1
1006;380;1;15.28;399.86;0;0;0;1
1007;380;1;28.98;391.5;0;0;0;1
1008;380;1;15.14;701.34;0;0;0;1
1009;380;1;9.71;596.43;0;0;0;1
1010;380;1;22.32;424.03;0;0;0;1
1011;380;1;9.14;596.43;0;0;0;1
1012;380;1;13.41;0;0;181.36;0;2
1013;380;1;17.33;391.5;0;173.32;0;2
1014;380;1;20.13;0;0;290.17;0;2
1015;380;1;20.2;0;0;72.55;0;2
1016;380;1;17.74;343.05;0;0;0;1
1017;380;1;22.65;396.43;0;538.4;0;2
1018;380;1;18.55;543;0;0;0;1
1019;380;1;22.42;0;0;290.17;0;2
1020;380;1;18.68;310.31;0;0;0;1
1021;380;1;14.34;0;0;0;0;3
1022;380;1;18.85;391.5;0;217.63;0;2
1023;380;1;22.23;0;0;700;0;2
1024;380;1;21.3;0;0;300;0;2
1025;380;1;14.34;456.55;0;0;0;1
1026;380;1;23.54;0;0;296.64;0;2
1027;380;1;26.9;0;0;217.63;0;2
1028;380;1;34.17;0;0;600;0;2
1029;380;1;27.4;0;0;362.15;0;2
1030;380;1;42.71;0;0;220;0;2
1031;380;1;24.14;200;0;50;0;2
1032;380;1;77.1;0;0;325.32;0;2
1033;380;1;137.2;0;0;1153.45;0;2
1034;380;1;69.13;1134.33;0;0;0;1
1035;380;1;56.97;1134.33;0;0;0;1
1036;380;1;131.09;1134.33;0;0;0;1
1037;380;1;134.44;0;0;1153.45;0;2
1038;380;1;137.16;0;0;325.32;0;2
1039;380;1;117.95;0;0;1153.45;0;2
1040;380;1;32.01;396.12;0;0;0;1
1041;380;1;41.31;0;0;199.15;0;2
1042;380;1;44.86;0;0;602.49;0;2
1043;380;1;29.89;509.78;0;0;0;1
1044;380;1;33.58;521.02;0;0;0;1
1045;380;1;34.43;391.43;0;99.15;0;2
1046;380;1;46.19;0;0;753.12;0;2
1047;380;1;37.46;521.02;0;0;0;1
1048;380;1;44.19;0;0;677.8;0;2
1049;380;1;43.69;0;0;677.8;0;2
1050;380;1;50.09;0;0;629.67;0;2
1051;380;1;32.43;391.48;0;0;0;1
1052;380;1;38.32;234.51;0;0;0;1
1053;380;1;41.79;391.48;0;0;0;1
1054;380;1;48.55;0;0;800.19;0;2
1055;380;1;30.11;234.48;0;0;0;1
1056;380;1;38.46;346.26;0;0;0;1
1057;380;1;26.01;541.88;0;0;0;1
1058;380;1;43.96;541.88;0;0;0;1
1059;380;1;68.2;0;0;1682.79;0;2
1060;380;1;43.4;346.26;0;0;0;1
1061;380;1;33.71;590.78;0;0;0;1
1062;380;1;41.17;239.64;0;0;0;1
1063;380;1;43.24;239.66;0;0;0;1
1064;380;1;48.68;254.57;0;0;0;1
1065;380;1;32.46;549.73;0;0;0;1
1066;380;1;45.71;0;0;367.14;0;2
1067;380;1;39.61;346.26;0;0;0;1
1068;380;1;50.27;254.57;0;0;0;1
1069;380;1;28.37;289.74;0;0;0;1
1070;380;1;38.72;1042.7;0;0;0;1
1071;380;1;50.56;0;0;2794.25;0;2
1072;380;1;56.38;0;0;1702.72;0;2
1073;380;1;53.83;289.74;0;0;0;1
1074;380;1;-10.84;0;0;614.3;0;2
1075;380;1;-19.87;269.36;0;0;0;1
1076;380;1;-17.46;404.88;0;0;0;1
1077;380;1;-20.42;269.36;0;0;0;1
1078;380;1;-13.44;404.88;0;0;0;1
1079;380;1;-13.56;404.88;0;0;0;1
1080;380;1;-20.31;269.36;0;0;0;1
1081;380;1;-18.4;669.49;0;0;0;1
1082;380;1;-1.02;0;0;494.3;0;2
1083;380;1;-14.49;238.28;0;0;0;1
1084;380;1;-5.4;288.65;0;0;0;1
1085;380;1;-2.8;0;0;295.42;0;2
1086;380;1;-34.11;238.28;0;0;0;1
1087;380;1;-9.87;288.65;0;0;0;1
1088;380;1;11.56;278.93;0;0;0;1
1089;380;1;5.65;288.65;0;0;0;1
1090;380;1;-8.5;288.65;0;0;0;1
1091;380;1;4.49;278.93;0;0;0;1
1092;380;1;-21.35;238.28;0;0;0;1
1093;380;1;5.24;278.93;0;0;0;1
1094;380;1;-10.58;308.11;0;0;0;1
1095;380;1;0.78;278.93;0;0;0;1
1096;380;1;3.97;278.93;0;0;0;1
1097;380;1;-23.71;238.28;0;0;0;1
1098;380;1;5.57;278.93;0;0;0;1
1099;380;1;1.74;278.93;0;0;0;1
1100;380;1;8.45;278.93;0;0;0;1
1101;380;1;-9.52;0;0;802;0;2
1102;380;1;23.19;0;0;1662.89;0;2
1103;380;1;-1.3;308.11;0;0;0;1
1104;380;1;-9.92;187.87;0;0;0;1
1105;380;1;6.15;308.11;0;0;0;1
1106;380;1;-1.35;308.11;0;0;0;1
1107;380;1;24.82;0;0;2471.53;0;2
1108;380;1;-29.22;203.31;0;0;0;1
1109;380;1;18;203.31;0;0;0;1
1110;380;1;34.54;0;0;635.54;0;2
1111;380;1;28.28;287.86;0;0;0;1
1112;380;1;30.24;287.86;0;0;0;1
1113;380;1;35.81;287.86;0;0;0;1
1114;380;1;21.37;278.93;0;0;0;1
1115;380;1;2.07;203.31;0;0;0;1
1116;380;1;19.85;203.31;0;0;0;1
1117;380;1;-1.44;308.11;0;0;0;1
1118;380;1;-23.72;203.31;0;0;0;1
1119;380;1;30.4;287.86;0;0;0;1
1120;380;1;27.29;278.93;0;0;0;1
1121;380;1;26.56;308.11;0;0;0;1
1122;380;1;44.71;0;0;4236.9;0;2
1123;380;1;2.42;188;0;0;0;1
1124;380;1;-37.83;203.31;0;0;0;1
1125;380;1;4.03;187.87;0;0;0;1
1126;380;1;4.94;180.85;0;0;0;1
1127;380;1;25.48;180.16;0;0;0;1
1128;380;1;24.92;0;0;353.08;0;2
1129;380;1;35.34;287.86;0;0;0;1
1130;380;1;28.39;180.85;0;0;0;1
1131;380;1;29.24;180.16;0;0;0;1
1132;380;1;26.15;180.85;0;0;0;1
1133;380;1;39.68;264.36;0;0;0;1
1134;380;1;29.23;180.16;0;0;0;1
1135;380;1;25.71;180.16;0;0;0;1
1136;380;1;39.25;264.36;0;0;0;1
1137;380;1;9.35;180.85;0;0;0;1
1138;380;1;42.14;264.36;0;0;0;1
1139;380;1;35.88;0;0;2077;0;2
1140;380;1;41.62;264.36;0;0;0;1
1141;380;1;28;231;0;1817;0;2
1142;380;1;40.25;264.36;0;0;0;1
1143;380;1;36.36;445.07;0;0;0;1
1144;380;1;15.74;180.85;0;0;0;1
1145;380;1;41.55;445.07;0;0;0;1
1146;380;1;58.08;0;0;635.54;0;2
1147;380;1;6.17;391.24;0;0;0;1
1148;380;1;19.33;180.85;0;0;0;1
1149;380;1;36.54;595.35;0;0;0;1
1150;380;1;54;264.36;0;0;0;1
1151;380;1;18.91;180.85;0;0;0;1
1152;380;1;31.24;134;0;0;0;1
1153;380;1;52.7;0;0;596.79;0;2
1155;380;1;43.29;445.07;0;0;0;1
1156;380;1;14.77;180.85;0;0;0;1
1157;380;1;47.53;264.36;0;0;0;1
1158;380;1;32.19;445.07;0;0;0;1
1159;380;1;46.25;0;0;208.31;0;2
1160;380;1;55.47;0;0;474.94;0;2
1161;380;1;47.86;264.36;0;0;0;1
1162;380;1;62.92;0;0;1404;0;2
1163;380;1;29.53;0;0;100;0;2
1164;380;1;51.7;0;0;420.16;0;2
1165;380;1;51.69;0;0;1319.66;0;2
1166;380;1;62.43;0;0;1497.23;0;2
1167;380;1;55.63;0;0;179.36;0;2
1168;380;1;50.36;264.36;0;0;0;1
1169;380;1;39.06;550;0;0;0;1
1170;380;1;18.59;78;0;0;0;1
1171;380;1;9.25;97.8;0;0;0;1
1172;380;1;12.74;97.8;0;0;0;1
1173;380;1;10.11;97.8;0;0;0;1
1174;380;1;10.96;0;0;430.51;0;2
1175;380;1;2.21;596.43;0;0;0;1
1176;380;1;18.86;0;0;650.04;0;2
1177;380;1;14.51;416.48;0;0;0;1
1178;380;1;16.19;323.49;0;0;0;1
1179;380;1;21.3;932.16;0;0;0;1
1180;380;1;0.64;387.3;0;0;0;1
1181;380;1;15.59;323.49;0;0;0;1
1182;380;1;24.75;508.18;0;0;0;1
1183;380;1;45.24;0;0;785;0;2
1184;380;1;32.51;0;0;1969.38;0;2
1185;380;1;22.92;370.06;0;0;0;1
1186;380;1;10.23;393;0;0;0;1
1187;380;1;23.06;224.7;0;0;0;1
1188;380;1;26.43;370.06;0;0;0;1
1189;380;1;14.82;0;0;0;0;3
1190;380;1;29.82;0;0;1900;0;2
1191;380;1;20.52;191.04;0;0;0;1
1192;380;1;-4.35;75.87;0;0;0;1
1194;380;1;22.01;320;0;0;0;1
1195;380;1;22.8;285.67;0;0;0;1
1196;380;1;24.3;386;0;0;0;1
1197;380;1;30.7;125.19;0;0;0;1
1198;380;1;25.44;184.69;0;0;0;1
1199;380;1;34.19;0;0;238.43;0;2
1200;380;1;26.32;0;0;706.37;0;2
1201;380;1;33.91;25;0;0;0;1
1202;380;1;31.86;125.19;0;0;0;1
1203;380;1;32.61;125.19;0;0;0;1
1204;380;1;22.22;184.69;0;0;0;1
1205;380;1;19.3;184.69;0;0;0;1
1206;380;1;39.99;19;0;0;0;1
1207;380;1;25.38;159.65;0;0;0;1
1208;380;1;35.3;219;0;0;0;1
1209;380;1;47.59;0;0;691.94;0;2
1210;380;1;17.13;159.65;0;0;0;1
1211;380;1;25.09;159.65;0;0;0;1
1212;380;1;34.41;199.29;0;0;0;1
1213;380;1;22.94;0;0;41.43;0;2
1214;380;1;18.9;816;0;0;0;1
1215;380;1;37.22;0;0;1549.83;0;2
1216;380;1;32.42;117;0;0;0;1
1217;380;1;31.63;216.62;0;0;0;1
1218;380;1;26.47;199.29;0;0;0;1
1219;380;1;21.57;0;0;340.66;0;2
1220;380;1;9.85;293.88;0;0;0;1
1221;380;1;16.61;854;0;486.28;0;2
1222;380;1;18.25;0;0;129.67;0;2
1223;380;1;17.59;293.88;0;745.62;0;2
1224;380;1;17.83;293.88;0;291.76;0;2
1226;380;1;13.77;27;0;0;0;1
1227;380;1;16.88;351;0;0;0;1
1228;380;1;19.68;91.55;0;0;0;1
1229;380;1;16.88;302;0;0;0;1
1230;380;1;16.88;401;0;0;0;1
1231;380;1;20.94;146.61;0;0;0;1
1232;380;1;22.95;0;0;300;0;2
1233;380;1;17.02;67.51;0;100;0;2
1234;380;1;14.36;208;0;102.33;0;2
1235;380;1;21.26;67.51;0;0;0;1
1236;380;1;21.69;0;0;127.87;0;2
1237;380;1;24.9;67.51;0;130.07;0;2
1238;380;1;34.41;102;0;568.86;0;2
1239;380;1;29.65;301.7;0;0;0;1
1240;380;1;30.17;0;0;0;0;3
1241;380;1;18.1;108.64;0;0;0;1
1242;380;1;31.78;301.7;0;487.88;0;2
1244;380;1;26.32;112;0;0;0;1
1250;380;1;77.5;0;0;1618;0;2
1251;380;1;-63.56;497;0;0;0;1
1253;380;1;94.93;76.62;0;0;0;1
1254;380;1;26.55;153.33;0;0;0;1
1257;380;1;26.87;748.48;0;1227.2;0;2
1258;380;1;26.01;743.25;0;758.92;0;2
1259;380;1;26.37;522.68;0;350;0;2
1260;380;1;25.92;343.92;0;0;0;1
1261;380;1;26.08;52.24;0;150;0;2
1262;380;1;26.27;177.71;0;350;0;2
1265;380;1;26.69;471.39;0;657.44;0;2
1266;380;1;25.03;63.5;0;0;0;1
1267;380;1;24.87;335.56;0;291.46;0;2
1268;380;1;24.56;189.74;0;158.31;0;2
1269;380;1;24.47;143.61;0;756.54;0;2
1270;380;1;24.08;143.61;0;1005.53;0;2
1271;380;1;22.29;90.95;0;310.88;0;2
1272;380;1;15.35;1175;0;0;0;1
1273;380;1;13.79;326.06;0;0;0;1
1274;380;1;7.87;313.61;0;125.51;0;2
1275;380;1;3.55;627.22;0;206.71;0;2
1277;380;1;23.66;39;0;0;0;1
1280;380;1;22.47;105;0;500;0;2
1281;380;1;19.81;3;0;116.41;0;2
1282;380;1;20.16;341.47;0;0;0;1
1283;380;1;18.32;225;0;0;0;1
1284;380;1;18.27;119.23;0;0;0;1
1285;380;1;31.25;10.07;0;700;0;2
1286;380;1;30.68;383.51;0;0;0;1
1287;380;1;29.53;408.24;0;0;0;1
1288;380;1;29.41;100.71;0;0;0;1
1289;380;1;39.8;79.52;0;351.5;0;2
1290;380;1;40.39;79.52;0;967.58;0;2
1291;380;1;33.25;151.77;0;0;0;1
1292;380;1;27.28;137.36;0;0;0;1
1293;380;1;30.04;137.36;0;0;0;1
1294;380;1;29.58;137.36;0;0;0;1
1295;380;1;29.59;137.36;0;0;0;1
1296;380;1;33.57;453.17;0;1401.61;0;2
1297;380;1;29.46;230.52;0;0;0;1
1298;380;1;27.69;142.14;0;0;0;1
1299;380;1;31;183.47;0;0;0;1
1300;380;1;31.29;183.47;0;0;0;1
1307;220;1;26.75;0;0;0;0;3
1308;220;1;26.75;0;0;0;0;3
1309;220;1;19.65;0;0;81;0;2
1310;220;1;17.19;234.32;0;0;0;1
1311;220;1;22.07;108.28;0;214.59;0;2
1312;380;1;23.73;177.71;0;297.28;0;2
1313;380;1;15.3;70.98;0;56.54;0;2
1314;380;1;21.86;318;0;51.68;0;2
1315;220;1;41.98;76.32;0;0;0;1
1316;220;1;51.59;76.32;0;630;0;2
1317;220;1;38.03;76.32;0;94.89;0;2
1318;220;1;46.42;76.32;0;0;0;1
1319;220;1;29.34;76.32;0;0;0;1
1320;220;1;45.67;76.32;0;0;0;1
1321;220;1;57.92;0;0;256.82;0;2
1322;220;1;33.15;0;0;141.11;0;2
1323;220;1;27.79;209.82;0;0;0;1
1324;220;1;29.4;0;0;125;0;2
1325;220;1;25.62;0;0;46.01;0;2
1326;220;1;24.06;100.4;0;23;0;2
1327;220;1;23.22;117.57;0;17.25;0;2
1328;220;1;38.34;79.53;0;0;0;1
1329;220;1;47.93;79.53;0;453.18;0;2
1330;220;1;22.69;79.53;0;0;0;1
1331;220;1;21.24;142.14;0;0;0;1
1332;220;1;22.54;142.14;0;0;0;1
1333;220;1;35.45;192.35;0;0;0;1
1334;220;1;26.01;252.77;0;0;0;1
1335;220;1;34.28;183.47;0;650.05;0;2
1336;220;1;26.02;183.47;0;0;0;1
1337;220;1;15.76;142.14;0;0;0;1
1338;220;1;23.54;230.52;0;0;0;1
1339;220;1;29.66;128.62;0;0;0;1
1341;220;1;36.59;79.52;0;0;0;1
1342;380;1;31.27;0;0;565.99;0;2
1343;380;1;27.25;127.91;0;0;0;1
1344;380;1;25.38;39.57;0;0;0;1
1345;220;1;27.5;39.57;0;119.1;0;2
1346;220;1;27.73;39.57;0;162.21;0;2
1347;220;1;29.59;127.91;0;174.69;0;2
1348;220;1;26.75;127.91;0;0;0;1
1349;220;1;26.72;39.57;0;0;0;1
1350;380;1;31.86;38.19;0;0;0;1
1351;380;1;34.69;14.96;0;569.9;0;2
1352;380;1;31.03;69.88;0;18.04;0;2
1353;380;1;22.85;326.24;0;0;0;1
1354;380;1;21.28;114;0;0;0;1
1355;380;1;18.87;81.79;0;75.16;0;2
1356;380;1;8.7;431.25;0;0;0;1
1357;220;1;32.31;0;0;82.01;0;2
1358;220;1;31.16;0;0;10.24;0;2
1359;220;1;31.13;0;0;0;0;3
1360;220;1;37.5;0;0;473.08;0;2
1361;220;1;31.07;0;0;28.56;0;2
1362;220;1;30.92;10.32;0;135.17;0;2
1363;220;1;31.03;0;0;40.09;0;2
1364;220;1;28.96;48.85;0;324.27;0;2
1365;220;1;27.91;114;0;0;0;1
1366;220;1;22.4;0;0;302.63;0;2
1367;220;1;20.96;57.86;0;0;0;1
1368;220;1;25.45;52.42;0;0;0;1
1369;220;1;20.56;61.55;0;0;0;1
1370;380;1;22.54;175.66;0;0;0;1
1371;110;1;28.76;0;0;20;0;2
1372;220;1;16.48;89.04;0;0;0;1
1373;380;1;20;433.56;0;537.71;0;2
1374;380;1;20.39;243.64;0;429.5;0;2
1375;380;1;22.45;341.58;0;0;0;1
1376;380;1;27.94;117.86;0;0;0;1
1377;380;1;33.11;237.7;0;544.06;0;2
1378;380;1;22.01;21.15;0;0;0;1
1379;380;1;20.35;240.07;0;0;0;1
1380;380;1;24.11;441.7;0;1394.48;0;2
1381;380;1;23.25;110.42;0;0;0;1
1382;380;1;23.17;186.2;0;0;0;1
1383;380;1;27.06;0;0;405.25;0;2
1384;380;1;23.02;110.42;0;0;0;1
1385;380;1;24.6;441.7;0;918.52;0;2
1386;380;1;23.05;441.7;0;0;0;1
1387;380;1;20.48;204.42;0;245.34;0;2
1388;380;1;21.22;156.85;0;0;0;1
1389;380;1;12;669.41;0;0;0;1
1390;220;1;16.53;243.64;0;0;0;1
1391;220;1;18.02;53.24;0;0;0;1
1392;220;1;18.76;197.87;0;0;0;1
1393;220;1;20.01;70.02;0;0;0;1
1394;220;1;25.4;92.71;0;0;0;1
1395;220;1;26.63;121.1;0;0;0;1
1396;220;1;25.24;101.7;0;181.53;0;2
1397;220;1;29.86;89.79;0;500;0;2
1398;220;1;29.97;89.79;0;0;0;1
1400;220;1;39.58;0;0;29.1;0;2
1401;220;1;26.13;167.29;0;0;0;1
1402;220;1;27.44;0;0;26.25;0;2
1403;220;1;25.2;0;0;77.03;0;2
1404;220;1;21.07;110.42;0;0;0;1
1405;220;1;23.23;110.42;0;0;0;1
1406;220;1;19.07;156.85;0;0;0;1
1407;220;1;19.01;193.01;0;0;0;1
1408;220;1;22.15;100.49;0;0;0;1
1409;220;1;31.11;0;0;103.85;0;2
1410;220;1;40.59;0;0;482.37;0;2
1411;220;1;19.42;53.24;0;0;0;1
1412;380;1;33.92;0;0;320.36;0;2
1413;380;1;39.34;65.37;0;0;0;1
1414;380;1;40.32;0;0;943.09;0;2
1415;380;1;35.94;0;0;0;0;3
1416;380;1;35.94;65.37;0;0;0;1
1417;380;1;37.7;245.84;0;0;0;1
1418;380;1;40.99;0;0;474.76;0;2
1419;380;1;28.97;264.74;0;0;0;1
1420;380;1;29.58;264.74;0;0;0;1
1421;380;1;25.1;197.62;0;0;0;1
1422;380;1;35.46;60.27;0;0;0;1
1423;380;1;33.84;243;0;0;0;1
1424;380;1;40.4;0;0;1148.2;0;2
1425;380;1;37.3;50.86;0;0;0;1
1426;380;1;32.05;88.05;0;0;0;1
1427;380;1;32.42;63.64;0;0;0;1
1428;380;1;33.87;63.64;0;0;0;1
1429;380;1;30.99;147.63;0;0;0;1
1430;380;1;17.32;44.21;0;0;0;1
1431;380;1;25.13;137.75;0;0;0;1
1432;380;1;25.33;137.75;0;0;0;1
1433;380;1;43.36;155.82;0;0;0;1
1434;380;1;21.96;143.74;0;0;0;1
1435;380;1;24.78;124.76;0;0;0;1
1436;380;1;14.53;113;0;168.61;0;2
1437;380;1;10.41;262;0;0;0;1
1438;380;1;8.03;204.34;0;0;0;1
1439;380;1;10.04;102.17;0;0;0;1
1440;380;1;13.48;46.06;0;0;0;1
1441;380;1;13.42;46.06;0;0;0;1
1442;380;1;15.61;46.06;0;0;0;1
1443;380;1;34.84;0;0;798.05;0;2
1444;380;1;40.4;0;0;0;0;3
1445;220;1;17.85;250.16;0;0;0;1
1446;220;1;29.1;104.22;0;0;0;1
1447;220;1;33.92;0;0;0;0;3
1448;220;1;24.38;113.5;0;0;0;1
1449;220;1;28.32;0;0;119.3;0;2
1450;220;1;14.61;161.51;0;0;0;1
1451;220;1;27.95;0;0;0;0;3
1452;220;1;32.75;0;0;40.17;0;2
1453;220;1;37.81;28.01;0;0;0;1
1454;220;1;40.08;28.01;0;0;0;1
1455;220;1;42.2;0;0;206.95;0;2
1456;220;1;44.9;0;0;354.94;0;2
1457;220;1;35.57;105.35;0;0;0;1
1458;220;1;29.64;148.75;0;0;0;1
1459;220;1;26.42;107.6;0;0;0;1
1460;220;1;30.75;0;0;128.14;0;2
1461;220;1;25.84;113.5;0;0;0;1
1462;220;1;27.89;113.5;0;0;0;1
1463;220;1;23.94;42.03;0;0;0;1
1464;220;1;17.45;168.51;0;0;0;1
1465;220;1;31.23;42.03;0;0;0;1
1466;220;1;31.4;0;0;36.52;0;2
1467;220;1;42.75;66.78;0;0;0;1
1468;220;1;56.37;0;0;0;0;3
1469;220;1;58.23;0;0;24.35;0;2
1470;220;1;67.08;0;0;777.8;0;2
1471;220;1;72.72;0;0;512.55;0;2
1472;220;1;14.31;69.21;0;0;0;1
1473;220;1;27.14;53.45;0;0;0;1
1474;220;1;27.76;53.45;0;48.69;0;2
1475;220;1;37.77;0;0;495.63;0;2
1476;220;1;24.36;130.4;0;0;0;1
1477;220;1;31.45;0;0;322.26;0;2
1478;220;1;25.93;0;0;65.74;0;2
1479;220;1;22.85;0;0;24.35;0;2
1480;220;1;31.22;31.64;0;0;0;1
1481;220;1;31.85;31.64;0;0;0;1
1482;220;1;17.83;0;0;92.52;0;2
1483;220;1;-0.89;155.09;0;0;0;1
1484;220;1;-48.3;278.84;0;0;0;1
1485;220;1;-50.99;440;0;0;0;1
1486;220;1;-24.97;189.65;0;0;0;1
1487;220;1;-4.24;96.51;0;0;0;1
1488;220;1;30.72;0;0;416.33;0;2
1489;220;1;22.15;55.49;0;0;0;1
1490;220;1;16.98;55.49;0;0;0;1
1491;220;1;15.73;28.38;0;0;0;1
1492;220;1;12.59;28.38;0;0;0;1
1493;220;1;14.04;239.43;0;0;0;1
1494;220;1;17.88;0;0;160.69;0;2
1495;220;1;6.99;95.44;0;0;0;1
1496;220;1;5.59;95.44;0;0;0;1
1497;220;1;6.97;173.86;0;0;0;1
1498;220;1;7.98;102.17;0;0;0;1
1499;220;1;15.44;32.15;0;0;0;1
1500;380;1;16.7;0;0;223;0;2
1502;380;1;82.8;0;0;199;0;2
1503;380;1;126.63;369;0;0;0;1
1505;380;1;28.9;0;0;360;0;2
1506;380;1;100.49;600;0;0;0;1
1507;380;1;93.84;0;0;0;0;3
1508;220;1;21.45;0;0;0;0;3
1509;380;1;149.93;0;0;700;0;2
1510;380;1;116.94;0;0;202;0;2
1511;380;1;10.31;527;0;0;0;1
1512;380;1;32.42;0;0;33;0;2
1513;138;1;23.73;306;0;0;0;1
1514;138;1;188.65;0;0;306;0;2
